{"stats":{"minecraft:dropped":{"minecraft:rotten_flesh":5},"minecraft:custom":{"minecraft:mob_kills":3,"minecraft:interact_with_crafting_table":11,"minecraft:leave_game":2,"minecraft:time_since_death":4464,"minecraft:sleep_in_bed":2,"minecraft:climb_one_cm":589,"minecraft:time_since_rest":4758,"minecraft:sprint_one_cm":864,"minecraft:damage_taken":552,"minecraft:walk_one_cm":215928,"minecraft:drop":1,"minecraft:damage_dealt":185,"minecraft:swim_one_cm":10662,"minecraft:fly_one_cm":2496,"minecraft:open_chest":1,"minecraft:crouch_one_cm":412,"minecraft:play_time":70581,"minecraft:deaths":1,"minecraft:sneak_time":742,"minecraft:walk_under_water_one_cm":1067,"minecraft:jump":208,"minecraft:walk_on_water_one_cm":1624,"minecraft:total_world_time":70581,"minecraft:fall_one_cm":1124},"minecraft:killed_by":{"minecraft:creeper":1},"minecraft:mined":{"minecraft:short_grass":23,"minecraft:grass_block":151,"minecraft:jungle_log":13,"minecraft:birch_planks":20,"minecraft:birch_log":23,"minecraft:birch_leaves":1,"minecraft:oak_log":3,"minecraft:cocoa":1,"minecraft:sand":21,"minecraft:dirt":7,"minecraft:oak_leaves":125},"minecraft:killed":{"minecraft:zombie":2},"minecraft:used":{"minecraft:iron_shovel":167,"minecraft:birch_planks":68,"minecraft:oak_planks":1,"minecraft:iron_sword":8,"minecraft:torch":12,"minecraft:dirt":137,"minecraft:sand":3,"minecraft:crafting_table":1,"minecraft:jungle_planks":6,"minecraft:shears":89,"minecraft:birch_door":2,"minecraft:iron_axe":102,"minecraft:bread":5},"minecraft:crafted":{"minecraft:oak_planks":160,"minecraft:crafting_table":1,"minecraft:iron_helmet":1,"minecraft:iron_sword":1,"minecraft:birch_planks":92,"minecraft:jungle_planks":52,"minecraft:iron_boots":1,"minecraft:iron_chestplate":1,"minecraft:shield":1,"minecraft:iron_axe":1,"minecraft:stick":52,"minecraft:iron_pickaxe":1,"minecraft:iron_shovel":1,"minecraft:iron_leggings":1,"minecraft:birch_door":3,"minecraft:torch":40,"minecraft:shears":1},"minecraft:picked_up":{"minecraft:birch_log":23,"minecraft:cocoa_beans":6,"minecraft:iron_chestplate":1,"minecraft:birch_door":1,"minecraft:jungle_log":13,"minecraft:birch_planks":58,"minecraft:oak_log":222,"minecraft:shield":1,"minecraft:dirt":149,"minecraft:string":2,"minecraft:iron_axe":1,"minecraft:iron_leggings":1,"minecraft:iron_shovel":1,"minecraft:bone":249,"minecraft:wheat_seeds":14,"minecraft:iron_ingot":92,"minecraft:iron_pickaxe":1,"minecraft:oak_planks":123,"minecraft:iron_sword":1,"minecraft:iron_boots":1,"minecraft:stick":37,"minecraft:torch":52,"minecraft:sand":39,"minecraft:jungle_planks":46,"minecraft:rotten_flesh":8,"minecraft:shears":1,"minecraft:iron_helmet":1,"minecraft:bread":124,"minecraft:oak_sapling":6,"minecraft:coal":118,"minecraft:oak_leaves":178}},"DataVersion":3953}