{"stats":{"minecraft:dropped":{"minecraft:iron_ingot":28,"minecraft:poppy":1,"minecraft:oxeye_daisy":1,"minecraft:glass":40},"minecraft:custom":{"minecraft:interact_with_furnace":3,"minecraft:mob_kills":6,"minecraft:interact_with_crafting_table":36,"minecraft:leave_game":11,"minecraft:time_since_death":111514,"minecraft:sleep_in_bed":10,"minecraft:climb_one_cm":6128,"minecraft:time_since_rest":21576,"minecraft:damage_absorbed":24,"minecraft:sprint_one_cm":171636,"minecraft:damage_taken":942,"minecraft:walk_one_cm":287354,"minecraft:drop":4,"minecraft:damage_dealt":832,"minecraft:swim_one_cm":20810,"minecraft:fly_one_cm":51322,"minecraft:open_chest":13,"minecraft:crouch_one_cm":780,"minecraft:play_time":123474,"minecraft:deaths":1,"minecraft:sneak_time":1316,"minecraft:walk_under_water_one_cm":3649,"minecraft:jump":579,"minecraft:walk_on_water_one_cm":5522,"minecraft:total_world_time":123474,"minecraft:fall_one_cm":8154},"minecraft:killed_by":{"minecraft:zombie":1},"minecraft:mined":{"minecraft:oak_slab":5,"minecraft:jungle_leaves":72,"minecraft:dandelion":6,"minecraft:crafting_table":1,"minecraft:cornflower":2,"minecraft:short_grass":35,"minecraft:grass_block":119,"minecraft:poppy":1,"minecraft:melon":1,"minecraft:chest":1,"minecraft:jungle_log":1,"minecraft:sugar_cane":1,"minecraft:oak_planks":8,"minecraft:oxeye_daisy":13,"minecraft:birch_planks":5,"minecraft:oak_trapdoor":7,"minecraft:furnace":1,"minecraft:birch_log":6,"minecraft:white_wall_banner":2,"minecraft:azure_bluet":2,"minecraft:oak_log":49,"minecraft:vine":21,"minecraft:oak_stairs":8,"minecraft:sand":2,"minecraft:dirt":2,"minecraft:stone_bricks":2,"minecraft:oak_leaves":43},"minecraft:killed":{"minecraft:salmon":2,"minecraft:zombie":1,"minecraft:cow":3},"minecraft:used":{"minecraft:wheat_seeds":6,"minecraft:oak_trapdoor":10,"minecraft:jungle_leaves":4,"minecraft:birch_planks":28,"minecraft:ladder":1,"minecraft:oak_planks":73,"minecraft:chest":1,"minecraft:wooden_pickaxe":3,"minecraft:wooden_shovel":163,"minecraft:iron_chestplate":1,"minecraft:oak_leaves":10,"minecraft:salmon":2,"minecraft:golden_apple":1,"minecraft:dirt":9,"minecraft:vine":1,"minecraft:oak_slab":7,"minecraft:crafting_table":1,"minecraft:white_bed":1,"minecraft:azure_bluet":1,"minecraft:shears":133,"minecraft:oak_log":13,"minecraft:glass":4,"minecraft:cornflower":1,"minecraft:oxeye_daisy":12,"minecraft:bread":12,"minecraft:oak_stairs":10,"minecraft:iron_axe":93,"minecraft:stone_button":1,"minecraft:jungle_log":1,"minecraft:iron_helmet":1,"minecraft:iron_boots":1,"minecraft:stone_bricks":17,"minecraft:beef":3,"minecraft:white_banner":4,"minecraft:furnace":1,"minecraft:dandelion":2,"minecraft:iron_leggings":1},"minecraft:broken":{"minecraft:wooden_shovel":2},"minecraft:crafted":{"minecraft:white_banner":2,"minecraft:oak_slab":6,"minecraft:oak_planks":112,"minecraft:wooden_shovel":3,"minecraft:iron_helmet":2,"minecraft:wooden_pickaxe":1,"minecraft:stone":1,"minecraft:birch_planks":44,"minecraft:oak_trapdoor":4,"minecraft:iron_boots":1,"minecraft:iron_chestplate":1,"minecraft:iron_axe":1,"minecraft:stick":12,"minecraft:oak_stairs":8,"minecraft:chest":1,"minecraft:iron_leggings":1,"minecraft:birch_door":3,"minecraft:stone_bricks":16,"minecraft:shears":1},"minecraft:picked_up":{"minecraft:birch_log":38,"minecraft:crafting_table":1,"minecraft:azure_bluet":2,"minecraft:ladder":1,"minecraft:jungle_log":1,"minecraft:salmon":2,"minecraft:leather":2,"minecraft:oak_stairs":8,"minecraft:birch_planks":23,"minecraft:oak_log":49,"minecraft:dirt":121,"minecraft:cornflower":2,"minecraft:oak_trapdoor":7,"minecraft:white_banner":2,"minecraft:iron_axe":1,"minecraft:glass":44,"minecraft:stone_bricks":2,"minecraft:wheat_seeds":7,"minecraft:iron_ingot":122,"minecraft:beef":6,"minecraft:poppy":1,"minecraft:melon_slice":6,"minecraft:sugar_cane":3,"minecraft:chest":1,"minecraft:oak_planks":8,"minecraft:furnace":1,"minecraft:oak_slab":5,"minecraft:stick":11,"minecraft:stone":19,"minecraft:dandelion":6,"minecraft:sand":128,"minecraft:stone_button":1,"minecraft:white_bed":1,"minecraft:vine":11,"minecraft:jungle_leaves":54,"minecraft:rotten_flesh":3,"minecraft:short_grass":2,"minecraft:golden_apple":1,"minecraft:bread":25,"minecraft:oak_sapling":1,"minecraft:oak_leaves":34,"minecraft:white_wool":13,"minecraft:cobblestone":65,"minecraft:oxeye_daisy":13}},"DataVersion":3953}