{"stats":{"minecraft:killed":{"minecraft:spider":6,"minecraft:skeleton":6,"minecraft:chicken":2,"minecraft:drowned":1,"minecraft:pig":1,"minecraft:salmon":1,"minecraft:zombie":14,"minecraft:breeze":2,"minecraft:enderman":1,"minecraft:cow":2},"minecraft:custom":{"minecraft:mob_kills":37,"minecraft:animals_bred":1,"minecraft:interact_with_crafting_table":46,"minecraft:open_barrel":1,"minecraft:bell_ring":2,"minecraft:leave_game":18,"minecraft:time_since_death":8014,"minecraft:climb_one_cm":17332,"minecraft:sprint_one_cm":372443,"minecraft:walk_one_cm":814224,"minecraft:damage_blocked_by_shield":2765,"minecraft:drop":30,"minecraft:damage_dealt_absorbed":24,"minecraft:talked_to_villager":2,"minecraft:play_time":309947,"minecraft:deaths":6,"minecraft:sneak_time":28917,"minecraft:walk_under_water_one_cm":16084,"minecraft:jump":2440,"minecraft:interact_with_blast_furnace":6,"minecraft:walk_on_water_one_cm":88890,"minecraft:total_world_time":309947,"minecraft:interact_with_furnace":30,"minecraft:sleep_in_bed":15,"minecraft:time_since_rest":8131,"minecraft:damage_taken":3982,"minecraft:damage_absorbed":146,"minecraft:damage_dealt":6309,"minecraft:swim_one_cm":41932,"minecraft:fly_one_cm":340472,"minecraft:open_chest":48,"minecraft:crouch_one_cm":68224,"minecraft:fish_caught":5,"minecraft:fall_one_cm":62182,"minecraft:horse_one_cm":622008},"minecraft:crafted":{"minecraft:oak_planks":236,"minecraft:fishing_rod":1,"minecraft:cooked_chicken":2,"minecraft:furnace":3,"minecraft:stone":22,"minecraft:bone_meal":24,"minecraft:cooked_mutton":3,"minecraft:iron_boots":1,"minecraft:iron_axe":2,"minecraft:ladder":12,"minecraft:chest":3,"minecraft:stone_hoe":1,"minecraft:oak_fence":27,"minecraft:minecart":1,"minecraft:cooked_beef":2,"minecraft:cooked_porkchop":2,"minecraft:crafting_table":3,"minecraft:wooden_pickaxe":1,"minecraft:iron_helmet":1,"minecraft:iron_sword":2,"minecraft:cooked_salmon":2,"minecraft:leather_helmet":1,"minecraft:bucket":1,"minecraft:acacia_button":1,"minecraft:bread":5,"minecraft:acacia_boat":1,"minecraft:oak_fence_gate":1,"minecraft:iron_chestplate":1,"minecraft:shield":1,"minecraft:stick":88,"minecraft:iron_ingot":32,"minecraft:iron_pickaxe":2,"minecraft:wooden_axe":1,"minecraft:iron_shovel":1,"minecraft:iron_leggings":1,"minecraft:stonecutter":1,"minecraft:acacia_planks":60,"minecraft:torch":36,"minecraft:shears":1},"minecraft:killed_by":{"minecraft:creeper":1,"minecraft:enderman":1,"minecraft:skeleton":2,"minecraft:zombie":1},"minecraft:broken":{"minecraft:stone_axe":1},"minecraft:mined":{"minecraft:white_bed":2,"minecraft:ladder":2,"minecraft:granite":1,"minecraft:acacia_log":14,"minecraft:grass_block":83,"minecraft:chiseled_tuff_bricks":3,"minecraft:oxeye_daisy":1,"minecraft:tuff_bricks":7,"minecraft:waxed_copper_grate":13,"minecraft:iron_ore":27,"minecraft:cobbled_deepslate":2,"minecraft:andesite":2,"minecraft:pumpkin":13,"minecraft:deepslate_lapis_ore":1,"minecraft:chiseled_tuff":2,"minecraft:water_cauldron":2,"minecraft:deepslate_iron_ore":10,"minecraft:dirt_path":1,"minecraft:stripped_acacia_log":1,"minecraft:waxed_weathered_copper_bulb":3,"minecraft:stone":202,"minecraft:white_wool":5,"minecraft:deepslate_redstone_ore":7,"minecraft:waxed_exposed_copper_bulb":1,"minecraft:red_bed":5,"minecraft:melon_stem":4,"minecraft:oak_fence":2,"minecraft:crafting_table":1,"minecraft:torch":2,"minecraft:short_grass":75,"minecraft:blast_furnace":1,"minecraft:poppy":1,"minecraft:melon":6,"minecraft:tall_grass":25,"minecraft:copper_ore":9,"minecraft:cobblestone":9,"minecraft:lapis_ore":2,"minecraft:oak_planks":55,"minecraft:diorite":1,"minecraft:wall_torch":1,"minecraft:cauldron":1,"minecraft:seagrass":1,"minecraft:birch_log":33,"minecraft:wheat":36,"minecraft:waxed_oxidized_cut_copper_stairs":12,"minecraft:brown_wall_banner":3,"minecraft:birch_leaves":5,"minecraft:waxed_copper_block":3,"minecraft:coal_ore":20,"minecraft:oak_log":90,"minecraft:cocoa":3,"minecraft:waxed_oxidized_copper_door":2,"minecraft:gravel":1,"minecraft:dirt":55,"minecraft:oak_leaves":17,"minecraft:deepslate":16},"minecraft:picked_up":{"minecraft:fishing_rod":3,"minecraft:cocoa_beans":31,"minecraft:crafting_table":2,"minecraft:iron_chestplate":3,"minecraft:wheat":20,"minecraft:chicken":2,"minecraft:ladder":4,"minecraft:leather_leggings":1,"minecraft:wooden_pickaxe":2,"minecraft:enchanted_book":1,"minecraft:shield":5,"minecraft:raw_copper":21,"minecraft:string":16,"minecraft:red_bed":5,"minecraft:iron_axe":3,"minecraft:cooked_salmon":6,"minecraft:wooden_sword":2,"minecraft:iron_leggings":3,"minecraft:compass":1,"minecraft:pufferfish":3,"minecraft:diamond_leggings":1,"minecraft:cobbled_deepslate":18,"minecraft:bucket":1,"minecraft:beef":4,"minecraft:waxed_oxidized_copper_door":2,"minecraft:chiseled_tuff":2,"minecraft:poppy":2,"minecraft:iron_pickaxe":4,"minecraft:minecart":1,"minecraft:melon_slice":53,"minecraft:iron_boots":3,"minecraft:egg":6,"minecraft:stick":7,"minecraft:raw_iron":36,"minecraft:stone":44,"minecraft:oak_fence":2,"minecraft:torch":55,"minecraft:acacia_log":14,"minecraft:porkchop":2,"minecraft:waxed_weathered_copper_bulb":5,"minecraft:waxed_copper_grate":26,"minecraft:diorite":4,"minecraft:redstone":34,"minecraft:cauldron":3,"minecraft:diamond_chestplate":1,"minecraft:rotten_flesh":33,"minecraft:stone_sword":1,"minecraft:arrow":14,"minecraft:tropical_fish":1,"minecraft:shears":1,"minecraft:diamond_boots":1,"minecraft:waxed_oxidized_cut_copper_stairs":11,"minecraft:tuff_bricks":8,"minecraft:mutton":3,"minecraft:cod":4,"minecraft:white_wool":17,"minecraft:cobblestone":297,"minecraft:oxeye_daisy":10,"minecraft:birch_log":32,"minecraft:feather":2,"minecraft:cooked_beef":30,"minecraft:andesite":3,"minecraft:salmon":2,"minecraft:leather":8,"minecraft:oak_log":90,"minecraft:gunpowder":4,"minecraft:acacia_boat":4,"minecraft:lapis_lazuli":36,"minecraft:dirt":185,"minecraft:cooked_mutton":7,"minecraft:bone":20,"minecraft:acacia_planks":3,"minecraft:bow":4,"minecraft:wheat_seeds":204,"minecraft:stone_pickaxe":2,"minecraft:iron_ingot":52,"minecraft:diamond_helmet":1,"minecraft:oak_planks":78,"minecraft:iron_sword":4,"minecraft:stone_hoe":3,"minecraft:pumpkin":13,"minecraft:waxed_exposed_copper_bulb":2,"minecraft:gravel":1,"minecraft:blast_furnace":1,"minecraft:white_bed":3,"minecraft:leather_helmet":3,"minecraft:diamond_shovel":1,"minecraft:stripped_acacia_log":1,"minecraft:stone_axe":1,"minecraft:diamond_axe":1,"minecraft:iron_helmet":3,"minecraft:breeze_rod":5,"minecraft:granite":3,"minecraft:golden_apple":4,"minecraft:oak_sapling":2,"minecraft:brown_banner":6,"minecraft:netherrack":2,"minecraft:coal":23,"minecraft:chiseled_tuff_bricks":2,"minecraft:diamond_pickaxe":1,"minecraft:ender_pearl":2},"minecraft:used":{"minecraft:waxed_oxidized_copper_door":2,"minecraft:oak_fence":27,"minecraft:stone_sword":12,"minecraft:iron_shovel":91,"minecraft:tropical_fish":1,"minecraft:ladder":14,"minecraft:poppy":2,"minecraft:chest":3,"minecraft:shield":83,"minecraft:iron_sword":177,"minecraft:cooked_chicken":2,"minecraft:rotten_flesh":1,"minecraft:stone_hoe":39,"minecraft:iron_chestplate":1,"minecraft:torch":56,"minecraft:dirt":145,"minecraft:cocoa_beans":1,"minecraft:diamond_helmet":1,"minecraft:oak_fence_gate":1,"minecraft:wooden_axe":9,"minecraft:iron_axe":219,"minecraft:iron_helmet":1,"minecraft:golden_sword":7,"minecraft:bow":8,"minecraft:oak_sapling":2,"minecraft:furnace":3,"minecraft:egg":2,"minecraft:cooked_beef":1,"minecraft:cobbled_deepslate":14,"minecraft:pumpkin":4,"minecraft:wheat_seeds":29,"minecraft:cooked_mutton":2,"minecraft:acacia_boat":1,"minecraft:diorite":1,"minecraft:diamond_boots":1,"minecraft:stone_pickaxe":70,"minecraft:oak_planks":151,"minecraft:ender_pearl":1,"minecraft:wooden_pickaxe":14,"minecraft:cauldron":3,"minecraft:stonecutter":1,"minecraft:white_wool":7,"minecraft:golden_apple":4,"minecraft:crafting_table":5,"minecraft:red_bed":5,"minecraft:blast_furnace":1,"minecraft:white_bed":3,"minecraft:cod":1,"minecraft:oak_log":27,"minecraft:oxeye_daisy":2,"minecraft:bread":22,"minecraft:melon_slice":42,"minecraft:string":1,"minecraft:iron_pickaxe":303,"minecraft:gravel":1,"minecraft:stone_axe":96,"minecraft:fishing_rod":17,"minecraft:cobblestone":84,"minecraft:cooked_porkchop":2,"minecraft:andesite":1,"minecraft:tuff_bricks":4,"minecraft:diamond_leggings":1,"minecraft:bone_meal":22},"minecraft:dropped":{"minecraft:bread":17,"minecraft:iron_ingot":11,"minecraft:cooked_beef":1,"minecraft:feather":2,"minecraft:cobblestone":106,"minecraft:leather":1,"minecraft:leather_helmet":1,"minecraft:oxeye_daisy":2,"minecraft:dirt":13,"minecraft:melon_slice":16,"minecraft:iron_leggings":1,"minecraft:birch_log":32,"minecraft:bone":10,"minecraft:redstone":33,"minecraft:cocoa_beans":6,"minecraft:oak_planks":8,"minecraft:stone":19,"minecraft:iron_chestplate":1,"minecraft:stone_pickaxe":1,"minecraft:wooden_pickaxe":1}},"DataVersion":3953}