{"stats":{"minecraft:custom":{"minecraft:time_since_rest":81655,"minecraft:damage_taken":515,"minecraft:walk_one_cm":4494,"minecraft:fly_one_cm":166823,"minecraft:play_time":196009,"minecraft:deaths":2,"minecraft:walk_under_water_one_cm":4847,"minecraft:jump":16,"minecraft:leave_game":10,"minecraft:time_since_death":187918,"minecraft:walk_on_water_one_cm":183,"minecraft:sleep_in_bed":1,"minecraft:total_world_time":196009,"minecraft:fall_one_cm":2713},"minecraft:killed_by":{"minecraft:player":1,"minecraft:zombie":1},"minecraft:picked_up":{"minecraft:iron_chestplate":1,"minecraft:sandstone":18,"minecraft:chainmail_boots":9,"minecraft:pumpkin":2,"minecraft:potato":2,"minecraft:enchanted_book":1,"minecraft:sand":18,"minecraft:shield":4,"minecraft:brick":14,"minecraft:acacia_boat":1,"minecraft:redstone":15,"minecraft:spider_eye":1,"minecraft:dirt":38,"minecraft:iron_axe":1,"minecraft:birch_fence":3,"minecraft:diamond_shovel":1,"minecraft:iron_shovel":1,"minecraft:bone":11,"minecraft:diamond_chestplate":3,"minecraft:diamond_leggings":4,"minecraft:lever":1,"minecraft:bell":2,"minecraft:diamond_boots":3,"minecraft:birch_sign":14,"minecraft:granite":1,"minecraft:diamond_axe":2,"minecraft:stone_pickaxe":3,"minecraft:oak_boat":1,"minecraft:redstone_torch":6,"minecraft:gold_ingot":11,"minecraft:iron_pickaxe":1,"minecraft:diamond_helmet":3,"minecraft:powered_rail":4,"minecraft:acacia_slab":1,"minecraft:melon_seeds":1,"minecraft:scrape_pottery_sherd":3,"minecraft:iron_boots":1,"minecraft:ender_pearl":1,"minecraft:diamond_pickaxe":3}},"DataVersion":3953}