{"stats":{"minecraft:killed_by":{"minecraft:zombie":3},"minecraft:custom":{"minecraft:jump":28,"minecraft:time_since_rest":855,"minecraft:damage_dealt":9,"minecraft:leave_game":1,"minecraft:deaths":3,"minecraft:play_time":7541,"minecraft:damage_taken":775,"minecraft:time_since_death":267,"minecraft:walk_one_cm":5351,"minecraft:total_world_time":7541,"minecraft:fall_one_cm":478,"minecraft:fly_one_cm":2079},"minecraft:picked_up":{"minecraft:sand":1},"minecraft:used":{"minecraft:sand":1}},"DataVersion":3953}