{"stats":{"minecraft:custom":{"minecraft:jump":14,"minecraft:time_since_rest":49457,"minecraft:damage_taken":515,"minecraft:walk_one_cm":4485,"minecraft:leave_game":9,"minecraft:play_time":163811,"minecraft:time_since_death":155720,"minecraft:walk_on_water_one_cm":183,"minecraft:deaths":2,"minecraft:sleep_in_bed":1,"minecraft:total_world_time":163811,"minecraft:walk_under_water_one_cm":4496,"minecraft:fall_one_cm":2713,"minecraft:fly_one_cm":54734},"minecraft:killed_by":{"minecraft:zombie":1,"minecraft:player":1}},"DataVersion":3953}