{"stats":{"minecraft:custom":{"minecraft:jump":14,"minecraft:time_since_rest":61096,"minecraft:damage_taken":515,"minecraft:walk_one_cm":4485,"minecraft:leave_game":10,"minecraft:play_time":175450,"minecraft:time_since_death":167359,"minecraft:walk_on_water_one_cm":183,"minecraft:deaths":2,"minecraft:sleep_in_bed":1,"minecraft:total_world_time":175450,"minecraft:walk_under_water_one_cm":4496,"minecraft:fall_one_cm":2713,"minecraft:fly_one_cm":75954},"minecraft:killed_by":{"minecraft:zombie":1,"minecraft:player":1}},"DataVersion":3953}