{"stats":{"minecraft:killed":{"minecraft:witch":1,"minecraft:spider":31,"minecraft:skeleton":50,"minecraft:chicken":1,"minecraft:zombie_villager":1,"minecraft:iron_golem":2,"minecraft:creeper":18,"minecraft:sheep":9,"minecraft:trader_llama":3,"minecraft:pillager":1,"minecraft:zombie":65,"minecraft:glow_squid":3,"minecraft:horse":1,"minecraft:panda":1,"minecraft:drowned":1,"minecraft:bat":4,"minecraft:wandering_trader":2,"minecraft:villager":44},"minecraft:custom":{"minecraft:interact_with_crafting_table":123,"minecraft:open_barrel":7,"minecraft:leave_game":15,"minecraft:time_since_death":333323,"minecraft:sprint_one_cm":1269404,"minecraft:damage_blocked_by_shield":7605,"minecraft:drop":319,"minecraft:talked_to_villager":410,"minecraft:play_time":1081967,"minecraft:deaths":3,"minecraft:jump":6624,"minecraft:walk_on_water_one_cm":80637,"minecraft:interact_with_furnace":83,"minecraft:traded_with_villager":550,"minecraft:interact_with_loom":1,"minecraft:sleep_in_bed":50,"minecraft:damage_dealt":29273,"minecraft:crouch_one_cm":214046,"minecraft:inspect_dispenser":14,"minecraft:horse_one_cm":653232,"minecraft:mob_kills":238,"minecraft:interact_with_anvil":17,"minecraft:climb_one_cm":54731,"minecraft:walk_one_cm":2230197,"minecraft:sneak_time":68574,"minecraft:walk_under_water_one_cm":75669,"minecraft:boat_one_cm":480154,"minecraft:interact_with_blast_furnace":1,"minecraft:total_world_time":1081967,"minecraft:interact_with_grindstone":2,"minecraft:time_since_rest":66668,"minecraft:damage_taken":9030,"minecraft:damage_absorbed":706,"minecraft:minecart_one_cm":130,"minecraft:swim_one_cm":151534,"minecraft:fly_one_cm":1993318,"minecraft:open_chest":554,"minecraft:fall_one_cm":205100},"minecraft:crafted":{"minecraft:oak_planks":9072,"minecraft:cobblestone_slab":384,"minecraft:barrel":3,"minecraft:birch_boat":1,"minecraft:birch_slab":84,"minecraft:stone":65,"minecraft:lever":12,"minecraft:diamond_shovel":11,"minecraft:cooked_mutton":12,"minecraft:glass":150,"minecraft:hopper":11,"minecraft:stone_brick_slab":18,"minecraft:diamond_helmet":8,"minecraft:diamond_leggings":10,"minecraft:bow":10,"minecraft:iron_boots":1,"minecraft:chest":69,"minecraft:rail":32,"minecraft:stone_hoe":24,"minecraft:magenta_dye":1,"minecraft:stone_bricks":248,"minecraft:oak_slab":30,"minecraft:emerald":333,"minecraft:diamond_axe":13,"minecraft:crafting_table":4,"minecraft:acacia_slab":48,"minecraft:wooden_pickaxe":1,"minecraft:iron_helmet":1,"minecraft:acacia_button":1,"minecraft:birch_planks":236,"minecraft:dispenser":1,"minecraft:yellow_dye":2,"minecraft:iron_chestplate":13,"minecraft:diamond_pickaxe":10,"minecraft:cornflower":12,"minecraft:shield":14,"minecraft:birch_fence":12,"minecraft:stick":16060,"minecraft:iron_ingot":77,"minecraft:iron_pickaxe":5,"minecraft:gold_ingot":18,"minecraft:light_gray_dye":1,"minecraft:pink_tulip":12,"minecraft:redstone_torch":8,"minecraft:composter":2,"minecraft:shears":1,"minecraft:wooden_sword":1,"minecraft:oak_door":6,"minecraft:tripwire_hook":2,"minecraft:furnace":2,"minecraft:stone_button":8,"minecraft:piston":10,"minecraft:jungle_trapdoor":64,"minecraft:bone_meal":192,"minecraft:pink_dye":1,"minecraft:oak_trapdoor":18,"minecraft:glass_pane":256,"minecraft:blue_ice":6,"minecraft:iron_axe":3,"minecraft:ladder":21,"minecraft:iron_hoe":1,"minecraft:stone_pickaxe":25,"minecraft:diamond_boots":9,"minecraft:allium":12,"minecraft:birch_sign":24,"minecraft:minecart":4,"minecraft:wheat":180,"minecraft:diamond_sword":1,"minecraft:powered_rail":6,"minecraft:iron_sword":2,"minecraft:bell":12,"minecraft:acacia_trapdoor":20,"minecraft:golden_shovel":7,"minecraft:bucket":1,"minecraft:enchanted_book":7,"minecraft:acacia_boat":1,"minecraft:bread":60,"minecraft:air":0,"minecraft:jungle_planks":1148,"minecraft:blue_dye":1,"minecraft:oak_boat":1,"minecraft:acacia_sign":3,"minecraft:chainmail_boots":12,"minecraft:iron_shovel":5,"minecraft:iron_leggings":1,"minecraft:white_bed":4,"minecraft:acacia_planks":428,"minecraft:torch":108,"minecraft:diamond_chestplate":8},"minecraft:killed_by":{"minecraft:creeper":1,"minecraft:skeleton":1},"minecraft:broken":{"minecraft:iron_shovel":1,"minecraft:golden_shovel":7,"minecraft:shield":1,"minecraft:iron_axe":2},"minecraft:mined":{"minecraft:white_bed":14,"minecraft:jungle_leaves":19,"minecraft:brewing_stand":1,"minecraft:obsidian":17,"minecraft:granite":10,"minecraft:acacia_log":108,"minecraft:grass_block":373,"minecraft:jungle_log":289,"minecraft:hopper":9,"minecraft:oxeye_daisy":1,"minecraft:chiseled_stone_bricks":1,"minecraft:spawner":1,"minecraft:smooth_stone":1,"minecraft:magma_block":2,"minecraft:fire":2,"minecraft:iron_ore":100,"minecraft:sticky_piston":3,"minecraft:barrel":13,"minecraft:pumpkin":2,"minecraft:fletching_table":20,"minecraft:pink_tulip":1,"minecraft:white_banner":2,"minecraft:tripwire":21,"minecraft:orange_bed":2,"minecraft:jungle_trapdoor":2,"minecraft:red_bed":3,"minecraft:kelp_plant":1,"minecraft:melon_stem":1,"minecraft:clay":1,"minecraft:torch":62,"minecraft:chest":26,"minecraft:glass":10,"minecraft:cobblestone":209,"minecraft:oak_planks":101,"minecraft:damaged_anvil":1,"minecraft:wall_torch":15,"minecraft:seagrass":1,"minecraft:repeater":1,"minecraft:powered_rail":5,"minecraft:birch_log":172,"minecraft:wheat":5,"minecraft:oak_log":158,"minecraft:sand":392,"minecraft:dirt":131,"minecraft:tripwire_hook":2,"minecraft:netherrack":54,"minecraft:piston":3,"minecraft:oak_leaves":41,"minecraft:deepslate":15,"minecraft:yellow_terracotta":1,"minecraft:diamond_ore":4,"minecraft:crying_obsidian":1,"minecraft:mossy_cobblestone":15,"minecraft:oak_door":3,"minecraft:stripped_birch_log":18,"minecraft:ladder":6,"minecraft:allium":1,"minecraft:stone_button":4,"minecraft:decorated_pot":13,"minecraft:redstone_wire":4,"minecraft:birch_slab":2,"minecraft:kelp":1,"minecraft:cartography_table":5,"minecraft:sandstone":95,"minecraft:hay_block":47,"minecraft:redstone_ore":4,"minecraft:oak_trapdoor":4,"minecraft:furnace":1,"minecraft:carrots":88,"minecraft:acacia_trapdoor":1,"minecraft:andesite":15,"minecraft:gold_block":2,"minecraft:bookshelf":32,"minecraft:cobblestone_slab":15,"minecraft:deepslate_iron_ore":4,"minecraft:vine":61,"minecraft:rail":77,"minecraft:lantern":1,"minecraft:stone":201,"minecraft:redstone_wall_torch":5,"minecraft:light_gray_carpet":6,"minecraft:birch_stairs":1,"minecraft:oak_slab":5,"minecraft:redstone_block":4,"minecraft:acacia_leaves":6,"minecraft:glass_pane":56,"minecraft:stone_brick_slab":10,"minecraft:oak_fence":8,"minecraft:crafting_table":3,"minecraft:cornflower":1,"minecraft:short_grass":157,"minecraft:lectern":92,"minecraft:tall_grass":12,"minecraft:lapis_ore":2,"minecraft:diorite":15,"minecraft:birch_planks":24,"minecraft:redstone_torch":4,"minecraft:birch_leaves":3,"minecraft:white_wall_banner":6,"minecraft:yellow_bed":2,"minecraft:coal_ore":85,"minecraft:gravel":3,"minecraft:cobweb":39,"minecraft:acacia_planks":140,"minecraft:stone_bricks":103,"minecraft:mossy_stone_bricks":1,"minecraft:gold_ore":3,"minecraft:acacia_wall_sign":1,"minecraft:birch_fence":6},"minecraft:used":{"minecraft:iron_shovel":501,"minecraft:dispenser":1,"minecraft:poppy":1,"minecraft:ladder":35,"minecraft:chest":85,"minecraft:shield":152,"minecraft:iron_sword":617,"minecraft:bell":1,"minecraft:soul_sand":1,"minecraft:birch_pressure_plate":5,"minecraft:crafter":1,"minecraft:carrot":179,"minecraft:allium":12,"minecraft:acacia_sapling":3,"minecraft:acacia_button":1,"minecraft:obsidian":17,"minecraft:glass":65,"minecraft:jungle_sapling":8,"minecraft:honeycomb":1,"minecraft:grass_block":23,"minecraft:lantern":21,"minecraft:stone_bricks":383,"minecraft:magma_block":2,"minecraft:bow":80,"minecraft:hay_block":8,"minecraft:furnace":4,"minecraft:oak_sapling":6,"minecraft:egg":3,"minecraft:mossy_stone_bricks":1,"minecraft:diorite":2,"minecraft:damaged_anvil":1,"minecraft:stone_pickaxe":78,"minecraft:stripped_birch_log":9,"minecraft:acacia_trapdoor":21,"minecraft:powered_rail":12,"minecraft:oak_planks":569,"minecraft:wooden_pickaxe":4,"minecraft:redstone_block":10,"minecraft:composter":2,"minecraft:diamond_axe":487,"minecraft:golden_apple":52,"minecraft:sand":117,"minecraft:yellow_terracotta":1,"minecraft:loom":1,"minecraft:blast_furnace":1,"minecraft:acacia_leaves":44,"minecraft:shears":15,"minecraft:birch_fence":43,"minecraft:redstone_torch":15,"minecraft:lever":12,"minecraft:crying_obsidian":1,"minecraft:birch_slab":114,"minecraft:string":33,"minecraft:bread":66,"minecraft:stone_button":5,"minecraft:lectern":96,"minecraft:fire_charge":1,"minecraft:wooden_sword":12,"minecraft:grindstone":1,"minecraft:smithing_table":1,"minecraft:birch_log":58,"minecraft:andesite":7,"minecraft:oak_boat":5,"minecraft:bone_meal":70,"minecraft:experience_bottle":1,"minecraft:oak_fence":62,"minecraft:oak_trapdoor":18,"minecraft:flint_and_steel":14,"minecraft:redstone":19,"minecraft:light_gray_carpet":79,"minecraft:structure_block":14,"minecraft:netherrack":2,"minecraft:oak_door":9,"minecraft:orange_bed":2,"minecraft:torch":320,"minecraft:dirt":304,"minecraft:anvil":3,"minecraft:hopper":19,"minecraft:jungle_trapdoor":66,"minecraft:golden_shovel":226,"minecraft:granite":3,"minecraft:iron_hoe":136,"minecraft:stone_brick_slab":29,"minecraft:bookshelf":32,"minecraft:iron_axe":892,"minecraft:oak_stairs":8,"minecraft:acacia_slab":20,"minecraft:jungle_log":2,"minecraft:barrel":13,"minecraft:tripwire_hook":4,"minecraft:wolf_spawn_egg":1,"minecraft:minecart":21,"minecraft:cooked_beef":7,"minecraft:acacia_planks":419,"minecraft:light_gray_bed":2,"minecraft:wheat_seeds":31,"minecraft:cooked_mutton":12,"minecraft:acacia_boat":12,"minecraft:water_bucket":253,"minecraft:pink_tulip":12,"minecraft:birch_planks":93,"minecraft:cartography_table":4,"minecraft:birch_boat":1,"minecraft:fletching_table":23,"minecraft:cobblestone_slab":154,"minecraft:mossy_cobblestone":11,"minecraft:rail":138,"minecraft:crafting_table":8,"minecraft:oak_slab":15,"minecraft:red_bed":3,"minecraft:birch_sign":10,"minecraft:white_bed":14,"minecraft:oak_log":6,"minecraft:cornflower":12,"minecraft:piston":27,"minecraft:diamond_pickaxe":393,"minecraft:diamond_shovel":216,"minecraft:acacia_sign":2,"minecraft:iron_pickaxe":657,"minecraft:cobblestone":1692,"minecraft:white_banner":8,"minecraft:bucket":250,"minecraft:glass_pane":272,"minecraft:yellow_bed":1,"minecraft:birch_stairs":25,"minecraft:splash_potion":8,"minecraft:smooth_stone":35},"minecraft:picked_up":{"minecraft:birch_door":6,"minecraft:iron_chestplate":4,"minecraft:wheat":5,"minecraft:redstone_block":4,"minecraft:lead":3,"minecraft:enchanted_book":1,"minecraft:brewing_stand":1,"minecraft:string":80,"minecraft:cooked_salmon":2,"minecraft:iron_leggings":3,"minecraft:sticky_piston":3,"minecraft:pufferfish":1,"minecraft:diamond_leggings":3,"minecraft:cobbled_deepslate":15,"minecraft:smooth_stone":1,"minecraft:bucket":4,"minecraft:acacia_sign":3,"minecraft:redstone_torch":19,"minecraft:cobblestone_slab":148,"minecraft:iron_pickaxe":5,"minecraft:iron_boots":3,"minecraft:furnace":1,"minecraft:stick":39,"minecraft:oak_fence":30,"minecraft:torch":290,"minecraft:acacia_log":107,"minecraft:diorite":16,"minecraft:orange_bed":2,"minecraft:rotten_flesh":55,"minecraft:obsidian":17,"minecraft:cobblestone":1415,"minecraft:birch_log":236,"minecraft:magma_block":2,"minecraft:birch_slab":4,"minecraft:cooked_beef":38,"minecraft:repeater":1,"minecraft:jungle_log":576,"minecraft:water_bucket":1,"minecraft:andesite":18,"minecraft:potato":4,"minecraft:flint":2,"minecraft:acacia_boat":14,"minecraft:stripped_birch_log":18,"minecraft:lapis_lazuli":23,"minecraft:dirt":644,"minecraft:lantern":1,"minecraft:glass":84,"minecraft:bone":108,"minecraft:acacia_planks":137,"minecraft:bow":7,"minecraft:wheat_seeds":60,"minecraft:raw_gold":6,"minecraft:diamond_helmet":3,"minecraft:mossy_stone_bricks":1,"minecraft:fletching_table":20,"minecraft:bamboo":1,"minecraft:powered_rail":10,"minecraft:stone_hoe":1,"minecraft:honeycomb":13,"minecraft:oak_planks":296,"minecraft:scrape_pottery_sherd":6,"minecraft:sand":581,"minecraft:barrel":13,"minecraft:mossy_cobblestone":15,"minecraft:iron_hoe":1,"minecraft:diamond":9,"minecraft:lever":2,"minecraft:granite":12,"minecraft:golden_apple":102,"minecraft:emerald":169,"minecraft:bread":104,"minecraft:light_gray_carpet":8,"minecraft:allium":1,"minecraft:oak_sapling":7,"minecraft:netherrack":47,"minecraft:diamond_pickaxe":3,"minecraft:fishing_rod":1,"minecraft:cocoa_beans":12,"minecraft:crafting_table":3,"minecraft:chicken":1,"minecraft:ladder":14,"minecraft:gold_block":2,"minecraft:shield":6,"minecraft:brick":66,"minecraft:cornflower":1,"minecraft:jungle_trapdoor":2,"minecraft:oak_trapdoor":4,"minecraft:red_bed":3,"minecraft:iron_axe":2,"minecraft:iron_shovel":5,"minecraft:birch_fence":7,"minecraft:glass_pane":81,"minecraft:cartography_table":6,"minecraft:oak_boat":6,"minecraft:minecart":19,"minecraft:jungle_sapling":8,"minecraft:light_gray_wool":1,"minecraft:poppy":1,"minecraft:lectern":92,"minecraft:chest":26,"minecraft:piston":5,"minecraft:egg":2,"minecraft:raw_iron":135,"minecraft:sandstone":10,"minecraft:stone":1,"minecraft:oak_door":7,"minecraft:bowl":4,"minecraft:flow_pottery_sherd":2,"minecraft:stone_button":4,"minecraft:carrot":223,"minecraft:redstone":62,"minecraft:diamond_chestplate":3,"minecraft:arrow":129,"minecraft:diamond_boots":3,"minecraft:hay_block":47,"minecraft:pink_tulip":1,"minecraft:yellow_terracotta":1,"minecraft:gold_ingot":11,"minecraft:saddle":1,"minecraft:tuff_bricks":4,"minecraft:mutton":14,"minecraft:rail":114,"minecraft:white_wool":10,"minecraft:oxeye_daisy":3,"minecraft:tripwire_hook":2,"minecraft:glow_ink_sac":7,"minecraft:leather":3,"minecraft:birch_planks":69,"minecraft:oak_log":158,"minecraft:yellow_bed":2,"minecraft:gunpowder":17,"minecraft:paper":4,"minecraft:white_banner":8,"minecraft:birch_pressure_plate":1,"minecraft:cooked_mutton":3,"minecraft:stone_bricks":103,"minecraft:acacia_trapdoor":1,"minecraft:iron_ingot":86,"minecraft:acacia_sapling":3,"minecraft:iron_sword":6,"minecraft:book":96,"minecraft:oak_slab":5,"minecraft:emerald_block":2,"minecraft:birch_boat":1,"minecraft:pumpkin":4,"minecraft:stone_brick_slab":11,"minecraft:gravel":1,"minecraft:birch_stairs":1,"minecraft:white_bed":13,"minecraft:crying_obsidian":1,"minecraft:spider_eye":7,"minecraft:leather_helmet":1,"minecraft:diamond_shovel":2,"minecraft:iron_helmet":4,"minecraft:diamond_axe":2,"minecraft:damaged_anvil":2,"minecraft:acacia_slab":1,"minecraft:melon_seeds":4,"minecraft:coal":99,"minecraft:hopper":9,"minecraft:ender_pearl":1},"minecraft:dropped":{"minecraft:acacia_boat":1,"minecraft:iron_sword":5,"minecraft:piston":1,"minecraft:birch_planks":56,"minecraft:diamond_axe":3,"minecraft:cooked_beef":131,"minecraft:oak_log":128,"minecraft:jungle_planks":921,"minecraft:leather_helmet":1,"minecraft:emerald":7,"minecraft:dirt":159,"minecraft:wooden_sword":1,"minecraft:sand":199,"minecraft:iron_pickaxe":5,"minecraft:birch_log":128,"minecraft:fishing_rod":1,"minecraft:bone":205,"minecraft:wheat":3,"minecraft:rotten_flesh":35,"minecraft:oak_planks":22,"minecraft:diamond_shovel":3,"minecraft:cooked_mutton":3,"minecraft:white_bed":1,"minecraft:carrot":132,"minecraft:gunpowder":2,"minecraft:melon_seeds":2,"minecraft:birch_door":3,"minecraft:leather_leggings":1,"minecraft:arrow":4,"minecraft:glass":44,"minecraft:netherrack":45,"minecraft:iron_ingot":194,"minecraft:stone_hoe":25,"minecraft:water_bucket":1,"minecraft:bread":141,"minecraft:wheat_seeds":46,"minecraft:diamond_leggings":4,"minecraft:iron_helmet":2,"minecraft:cobblestone":101,"minecraft:granite":7,"minecraft:golden_apple":5,"minecraft:coal":64,"minecraft:stick":15,"minecraft:pufferfish":1,"minecraft:oxeye_daisy":2,"minecraft:diorite":7,"minecraft:torch":119,"minecraft:cooked_salmon":2,"minecraft:diamond_helmet":4,"minecraft:iron_leggings":1,"minecraft:iron_shovel":6,"minecraft:string":51,"minecraft:redstone":5,"minecraft:tuff_bricks":4,"minecraft:cocoa_beans":12,"minecraft:chicken":1,"minecraft:iron_boots":1,"minecraft:iron_hoe":1,"minecraft:shield":5,"minecraft:diamond_chestplate":4,"minecraft:diamond_pickaxe":4,"minecraft:iron_chestplate":14,"minecraft:andesite":7,"minecraft:spider_eye":1,"minecraft:diamond_boots":4,"minecraft:sandstone":1,"minecraft:bow":1,"minecraft:stone_pickaxe":21,"minecraft:wooden_pickaxe":1,"minecraft:bell":9}},"DataVersion":3953}