{"stats":{"minecraft:killed":{"minecraft:zombified_piglin":6,"minecraft:witch":1,"minecraft:spider":32,"minecraft:skeleton":106,"minecraft:chicken":2,"minecraft:magma_cube":15,"minecraft:piglin":3,"minecraft:zombie_villager":1,"minecraft:iron_golem":2,"minecraft:creeper":20,"minecraft:sheep":9,"minecraft:trader_llama":3,"minecraft:pillager":1,"minecraft:zombie":75,"minecraft:glow_squid":3,"minecraft:blaze":46,"minecraft:horse":1,"minecraft:panda":1,"minecraft:drowned":1,"minecraft:husk":17,"minecraft:bat":4,"minecraft:wandering_trader":2,"minecraft:breeze":4,"minecraft:wither_skeleton":11,"minecraft:villager":44},"minecraft:custom":{"minecraft:interact_with_crafting_table":123,"minecraft:open_barrel":11,"minecraft:leave_game":18,"minecraft:time_since_death":527446,"minecraft:sprint_one_cm":1721362,"minecraft:damage_blocked_by_shield":12303,"minecraft:drop":443,"minecraft:talked_to_villager":417,"minecraft:play_time":1276090,"minecraft:deaths":3,"minecraft:jump":8171,"minecraft:walk_on_water_one_cm":89149,"minecraft:interact_with_furnace":86,"minecraft:traded_with_villager":577,"minecraft:interact_with_loom":1,"minecraft:sleep_in_bed":53,"minecraft:damage_dealt":58474,"minecraft:player_kills":1,"minecraft:crouch_one_cm":289793,"minecraft:inspect_dispenser":21,"minecraft:horse_one_cm":697416,"minecraft:mob_kills":419,"minecraft:interact_with_anvil":28,"minecraft:climb_one_cm":60166,"minecraft:walk_one_cm":2610874,"minecraft:sneak_time":81727,"minecraft:walk_under_water_one_cm":106539,"minecraft:boat_one_cm":480154,"minecraft:interact_with_blast_furnace":1,"minecraft:total_world_time":1276090,"minecraft:interact_with_grindstone":3,"minecraft:time_since_rest":27,"minecraft:damage_taken":14068,"minecraft:damage_absorbed":1076,"minecraft:minecart_one_cm":130,"minecraft:swim_one_cm":163938,"minecraft:fly_one_cm":2675516,"minecraft:open_chest":681,"minecraft:fall_one_cm":270301},"minecraft:crafted":{"minecraft:oak_planks":9328,"minecraft:cobblestone_slab":384,"minecraft:barrel":3,"minecraft:birch_boat":1,"minecraft:birch_slab":84,"minecraft:stone":65,"minecraft:lever":12,"minecraft:diamond_shovel":14,"minecraft:cooked_mutton":12,"minecraft:glass":150,"minecraft:hopper":11,"minecraft:stone_brick_slab":18,"minecraft:diamond_helmet":8,"minecraft:bow":10,"minecraft:diamond_leggings":10,"minecraft:iron_boots":1,"minecraft:chest":69,"minecraft:rail":32,"minecraft:stone_hoe":24,"minecraft:magenta_dye":1,"minecraft:stone_bricks":248,"minecraft:oak_slab":30,"minecraft:emerald":349,"minecraft:diamond_axe":13,"minecraft:crafting_table":4,"minecraft:acacia_slab":48,"minecraft:wooden_pickaxe":1,"minecraft:iron_helmet":1,"minecraft:birch_planks":236,"minecraft:acacia_button":1,"minecraft:dispenser":1,"minecraft:yellow_dye":2,"minecraft:iron_chestplate":13,"minecraft:diamond_pickaxe":13,"minecraft:cornflower":12,"minecraft:shield":14,"minecraft:birch_fence":12,"minecraft:stick":16572,"minecraft:iron_ingot":77,"minecraft:iron_pickaxe":5,"minecraft:gold_ingot":18,"minecraft:light_gray_dye":1,"minecraft:pink_tulip":12,"minecraft:redstone_torch":8,"minecraft:composter":2,"minecraft:shears":1,"minecraft:wooden_sword":1,"minecraft:oak_door":6,"minecraft:tripwire_hook":2,"minecraft:stone_button":8,"minecraft:furnace":2,"minecraft:piston":10,"minecraft:jungle_trapdoor":64,"minecraft:bone_meal":192,"minecraft:pink_dye":1,"minecraft:glass_pane":256,"minecraft:oak_trapdoor":18,"minecraft:blue_ice":6,"minecraft:iron_axe":3,"minecraft:ladder":21,"minecraft:iron_hoe":1,"minecraft:stone_pickaxe":25,"minecraft:diamond_boots":9,"minecraft:allium":12,"minecraft:birch_sign":24,"minecraft:minecart":4,"minecraft:wheat":180,"minecraft:crossbow":3,"minecraft:diamond_sword":1,"minecraft:powered_rail":6,"minecraft:iron_sword":2,"minecraft:bell":12,"minecraft:acacia_trapdoor":20,"minecraft:golden_shovel":7,"minecraft:bucket":1,"minecraft:enchanted_book":9,"minecraft:bread":60,"minecraft:air":0,"minecraft:acacia_boat":1,"minecraft:jungle_planks":1148,"minecraft:blue_dye":1,"minecraft:oak_boat":1,"minecraft:acacia_sign":3,"minecraft:chainmail_boots":12,"minecraft:iron_shovel":5,"minecraft:iron_leggings":1,"minecraft:white_bed":4,"minecraft:acacia_planks":428,"minecraft:torch":108,"minecraft:diamond_chestplate":8},"minecraft:killed_by":{"minecraft:creeper":1,"minecraft:skeleton":1},"minecraft:broken":{"minecraft:iron_shovel":1,"minecraft:golden_shovel":7,"minecraft:shield":1,"minecraft:iron_axe":2},"minecraft:mined":{"minecraft:white_bed":14,"minecraft:jungle_leaves":19,"minecraft:brewing_stand":1,"minecraft:obsidian":17,"minecraft:granite":10,"minecraft:acacia_log":108,"minecraft:grass_block":373,"minecraft:jungle_log":289,"minecraft:soul_soil":13,"minecraft:chiseled_tuff_bricks":1,"minecraft:hopper":9,"minecraft:oxeye_daisy":1,"minecraft:nether_wart":40,"minecraft:tuff_bricks":17,"minecraft:chiseled_stone_bricks":1,"minecraft:spawner":1,"minecraft:smooth_stone":1,"minecraft:magma_block":2,"minecraft:glowstone":10,"minecraft:barrel":13,"minecraft:cobbled_deepslate":1,"minecraft:iron_ore":100,"minecraft:sticky_piston":3,"minecraft:fire":23,"minecraft:polished_tuff":1,"minecraft:pumpkin":2,"minecraft:fletching_table":20,"minecraft:nether_brick_stairs":1,"minecraft:polished_tuff_slab":1,"minecraft:pink_tulip":1,"minecraft:white_banner":2,"minecraft:tripwire":21,"minecraft:orange_bed":2,"minecraft:jungle_trapdoor":2,"minecraft:red_bed":3,"minecraft:kelp_plant":1,"minecraft:melon_stem":1,"minecraft:clay":1,"minecraft:torch":62,"minecraft:chest":26,"minecraft:nether_quartz_ore":11,"minecraft:glass":10,"minecraft:cobblestone":212,"minecraft:oak_planks":101,"minecraft:damaged_anvil":1,"minecraft:wall_torch":15,"minecraft:seagrass":1,"minecraft:repeater":1,"minecraft:powered_rail":5,"minecraft:birch_log":172,"minecraft:wheat":5,"minecraft:waxed_copper_block":3,"minecraft:oak_log":158,"minecraft:sand":392,"minecraft:dirt":131,"minecraft:tripwire_hook":2,"minecraft:dispenser":1,"minecraft:netherrack":1081,"minecraft:piston":3,"minecraft:oak_leaves":41,"minecraft:deepslate":18,"minecraft:yellow_terracotta":1,"minecraft:nether_gold_ore":4,"minecraft:diamond_ore":4,"minecraft:crying_obsidian":1,"minecraft:mossy_cobblestone":15,"minecraft:deepslate_diamond_ore":7,"minecraft:oak_door":3,"minecraft:stripped_birch_log":18,"minecraft:nether_bricks":106,"minecraft:ladder":6,"minecraft:allium":1,"minecraft:stone_button":4,"minecraft:decorated_pot":15,"minecraft:redstone_wire":4,"minecraft:birch_slab":2,"minecraft:kelp":1,"minecraft:cartography_table":5,"minecraft:sandstone":95,"minecraft:hay_block":47,"minecraft:redstone_ore":4,"minecraft:oak_trapdoor":4,"minecraft:furnace":1,"minecraft:carrots":88,"minecraft:acacia_trapdoor":1,"minecraft:waxed_copper_grate":2,"minecraft:andesite":15,"minecraft:gold_block":2,"minecraft:nether_brick_fence":4,"minecraft:bookshelf":32,"minecraft:cobblestone_slab":15,"minecraft:deepslate_iron_ore":4,"minecraft:vine":61,"minecraft:rail":77,"minecraft:lantern":1,"minecraft:stone":231,"minecraft:redstone_wall_torch":5,"minecraft:oak_slab":5,"minecraft:birch_stairs":1,"minecraft:light_gray_carpet":6,"minecraft:acacia_leaves":6,"minecraft:redstone_block":4,"minecraft:glass_pane":56,"minecraft:soul_sand":471,"minecraft:stone_brick_slab":10,"minecraft:oak_fence":8,"minecraft:crafting_table":3,"minecraft:cornflower":1,"minecraft:short_grass":160,"minecraft:lectern":92,"minecraft:tall_grass":12,"minecraft:deepslate_gold_ore":10,"minecraft:lapis_ore":2,"minecraft:diorite":22,"minecraft:birch_planks":24,"minecraft:waxed_oxidized_copper_grate":3,"minecraft:redstone_torch":4,"minecraft:birch_leaves":3,"minecraft:white_wall_banner":6,"minecraft:yellow_bed":2,"minecraft:coal_ore":85,"minecraft:gravel":3,"minecraft:cobweb":39,"minecraft:acacia_planks":140,"minecraft:oak_button":1,"minecraft:stone_bricks":103,"minecraft:mossy_stone_bricks":1,"minecraft:gold_ore":3,"minecraft:acacia_wall_sign":1,"minecraft:birch_fence":7},"minecraft:picked_up":{"minecraft:birch_door":6,"minecraft:iron_chestplate":21,"minecraft:wheat":5,"minecraft:redstone_block":4,"minecraft:nether_brick_fence":4,"minecraft:lead":4,"minecraft:enchanted_book":23,"minecraft:potion":1,"minecraft:brewing_stand":1,"minecraft:golden_sword":1,"minecraft:string":80,"minecraft:soul_soil":9,"minecraft:cooked_salmon":2,"minecraft:iron_leggings":3,"minecraft:sticky_piston":3,"minecraft:pufferfish":1,"minecraft:diamond_leggings":3,"minecraft:cobbled_deepslate":19,"minecraft:gold_nugget":51,"minecraft:smooth_stone":1,"minecraft:bucket":4,"minecraft:acacia_sign":3,"minecraft:trial_key":8,"minecraft:redstone_torch":19,"minecraft:cobblestone_slab":148,"minecraft:iron_pickaxe":5,"minecraft:enchanted_golden_apple":1,"minecraft:furnace":1,"minecraft:iron_boots":4,"minecraft:tipped_arrow":202,"minecraft:stick":39,"minecraft:oak_fence":30,"minecraft:torch":290,"minecraft:acacia_log":107,"minecraft:waxed_copper_grate":2,"minecraft:diorite":23,"minecraft:golden_chestplate":1,"minecraft:orange_bed":2,"minecraft:stone_sword":1,"minecraft:honey_bottle":61,"minecraft:rotten_flesh":128,"minecraft:iron_block":2,"minecraft:blaze_rod":72,"minecraft:obsidian":17,"minecraft:cobblestone":1448,"minecraft:birch_log":236,"minecraft:magma_block":2,"minecraft:feather":3,"minecraft:cooked_beef":38,"minecraft:magma_cream":8,"minecraft:repeater":1,"minecraft:andesite":18,"minecraft:water_bucket":1,"minecraft:birch_slab":4,"minecraft:jungle_log":576,"minecraft:potato":4,"minecraft:flint":2,"minecraft:acacia_boat":14,"minecraft:stripped_birch_log":18,"minecraft:lapis_lazuli":23,"minecraft:dirt":644,"minecraft:lantern":1,"minecraft:glass":84,"minecraft:bone":265,"minecraft:acacia_planks":137,"minecraft:bow":21,"minecraft:wheat_seeds":60,"minecraft:raw_gold":28,"minecraft:bolt_armor_trim_smithing_template":7,"minecraft:guster_banner_pattern":9,"minecraft:glowstone_dust":36,"minecraft:diamond_helmet":3,"minecraft:mossy_stone_bricks":1,"minecraft:fletching_table":20,"minecraft:bamboo":1,"minecraft:powered_rail":10,"minecraft:scrape_pottery_sherd":6,"minecraft:oak_planks":296,"minecraft:honeycomb":13,"minecraft:stone_hoe":1,"minecraft:sand":581,"minecraft:nether_brick_stairs":1,"minecraft:barrel":13,"minecraft:mossy_cobblestone":15,"minecraft:iron_hoe":1,"minecraft:dispenser":1,"minecraft:diamond":50,"minecraft:lever":2,"minecraft:waxed_oxidized_copper_grate":3,"minecraft:granite":12,"minecraft:crossbow":11,"minecraft:breeze_rod":25,"minecraft:golden_apple":180,"minecraft:music_disc_precipice":8,"minecraft:bread":106,"minecraft:emerald":413,"minecraft:netherrack":1098,"minecraft:oak_sapling":7,"minecraft:light_gray_carpet":8,"minecraft:diamond_pickaxe":4,"minecraft:fishing_rod":1,"minecraft:cocoa_beans":12,"minecraft:crafting_table":3,"minecraft:allium":1,"minecraft:ladder":14,"minecraft:ominous_bottle":19,"minecraft:chicken":1,"minecraft:nether_wart":77,"minecraft:gold_block":2,"minecraft:music_disc_creator":1,"minecraft:shield":16,"minecraft:brick":69,"minecraft:wind_charge":240,"minecraft:cornflower":1,"minecraft:flow_banner_pattern":1,"minecraft:jungle_trapdoor":2,"minecraft:oak_trapdoor":4,"minecraft:red_bed":3,"minecraft:iron_axe":13,"minecraft:iron_shovel":5,"minecraft:birch_fence":8,"minecraft:glass_pane":81,"minecraft:cartography_table":6,"minecraft:oak_boat":6,"minecraft:lectern":92,"minecraft:jungle_sapling":8,"minecraft:light_gray_wool":1,"minecraft:poppy":1,"minecraft:minecart":19,"minecraft:guster_pottery_sherd":1,"minecraft:chest":26,"minecraft:piston":5,"minecraft:egg":2,"minecraft:raw_iron":135,"minecraft:sandstone":10,"minecraft:stone":1,"minecraft:oak_door":7,"minecraft:bowl":4,"minecraft:fire_charge":7,"minecraft:flow_pottery_sherd":2,"minecraft:stone_button":4,"minecraft:trident":7,"minecraft:carrot":223,"minecraft:redstone":62,"minecraft:diamond_chestplate":11,"minecraft:arrow":550,"minecraft:nether_bricks":100,"minecraft:diamond_boots":3,"minecraft:hay_block":47,"minecraft:yellow_terracotta":1,"minecraft:pink_tulip":1,"minecraft:flow_armor_trim_smithing_template":2,"minecraft:saddle":1,"minecraft:gold_ingot":11,"minecraft:tuff_bricks":20,"minecraft:mutton":14,"minecraft:white_wool":10,"minecraft:rail":114,"minecraft:oxeye_daisy":3,"minecraft:tripwire_hook":2,"minecraft:golden_carrot":13,"minecraft:glow_ink_sac":7,"minecraft:leather":3,"minecraft:birch_planks":69,"minecraft:oak_log":158,"minecraft:waxed_copper_block":3,"minecraft:yellow_bed":2,"minecraft:gunpowder":19,"minecraft:paper":4,"minecraft:white_banner":8,"minecraft:birch_pressure_plate":1,"minecraft:cooked_mutton":3,"minecraft:stone_bricks":103,"minecraft:acacia_trapdoor":1,"minecraft:iron_ingot":210,"minecraft:polished_tuff_slab":1,"minecraft:cooked_chicken":2,"minecraft:iron_sword":6,"minecraft:acacia_sapling":3,"minecraft:soul_sand":447,"minecraft:book":96,"minecraft:oak_slab":5,"minecraft:emerald_block":4,"minecraft:birch_boat":1,"minecraft:pumpkin":4,"minecraft:stone_brick_slab":11,"minecraft:quartz":27,"minecraft:gravel":1,"minecraft:birch_stairs":1,"minecraft:white_bed":13,"minecraft:polished_tuff":1,"minecraft:crying_obsidian":1,"minecraft:spider_eye":7,"minecraft:leather_helmet":1,"minecraft:diamond_shovel":2,"minecraft:chainmail_leggings":1,"minecraft:iron_helmet":4,"minecraft:diamond_axe":7,"minecraft:oak_button":1,"minecraft:damaged_anvil":2,"minecraft:baked_potato":3,"minecraft:acacia_slab":1,"minecraft:melon_seeds":4,"minecraft:coal":122,"minecraft:chiseled_tuff_bricks":1,"minecraft:hopper":9,"minecraft:ender_pearl":1},"minecraft:used":{"minecraft:tuff_bricks":5,"minecraft:iron_shovel":501,"minecraft:dispenser":1,"minecraft:poppy":1,"minecraft:ladder":35,"minecraft:chest":85,"minecraft:shield":234,"minecraft:iron_sword":617,"minecraft:bell":1,"minecraft:soul_sand":3,"minecraft:birch_pressure_plate":5,"minecraft:crafter":1,"minecraft:nether_bricks":100,"minecraft:carrot":179,"minecraft:allium":12,"minecraft:acacia_sapling":3,"minecraft:acacia_button":1,"minecraft:obsidian":17,"minecraft:glass":65,"minecraft:jungle_sapling":8,"minecraft:honeycomb":1,"minecraft:grass_block":23,"minecraft:lantern":21,"minecraft:stone_bricks":383,"minecraft:vault":126,"minecraft:magma_block":2,"minecraft:bow":118,"minecraft:hay_block":8,"minecraft:oak_sapling":6,"minecraft:furnace":4,"minecraft:egg":3,"minecraft:mossy_stone_bricks":1,"minecraft:diamond_boots":1,"minecraft:diorite":2,"minecraft:damaged_anvil":2,"minecraft:stone_pickaxe":78,"minecraft:stripped_birch_log":9,"minecraft:acacia_trapdoor":21,"minecraft:powered_rail":12,"minecraft:oak_planks":569,"minecraft:wooden_pickaxe":4,"minecraft:redstone_block":10,"minecraft:composter":2,"minecraft:diamond_axe":489,"minecraft:golden_apple":63,"minecraft:sand":117,"minecraft:yellow_terracotta":1,"minecraft:loom":1,"minecraft:blast_furnace":1,"minecraft:acacia_leaves":44,"minecraft:shears":15,"minecraft:birch_fence":44,"minecraft:polished_tuff":1,"minecraft:redstone_torch":15,"minecraft:lever":12,"minecraft:crying_obsidian":1,"minecraft:string":33,"minecraft:birch_slab":114,"minecraft:bread":66,"minecraft:stone_button":5,"minecraft:lectern":96,"minecraft:diamond_sword":374,"minecraft:fire_charge":1,"minecraft:wooden_sword":12,"minecraft:grindstone":1,"minecraft:smithing_table":1,"minecraft:birch_log":58,"minecraft:andesite":7,"minecraft:oak_boat":5,"minecraft:bone_meal":70,"minecraft:experience_bottle":1,"minecraft:oak_fence":62,"minecraft:oak_trapdoor":18,"minecraft:flint_and_steel":14,"minecraft:redstone":19,"minecraft:light_gray_carpet":79,"minecraft:structure_block":14,"minecraft:cooked_chicken":2,"minecraft:netherrack":378,"minecraft:trial_key":136,"minecraft:oak_door":9,"minecraft:orange_bed":2,"minecraft:torch":348,"minecraft:dirt":304,"minecraft:anvil":4,"minecraft:hopper":19,"minecraft:diamond_helmet":1,"minecraft:jungle_trapdoor":66,"minecraft:golden_shovel":226,"minecraft:granite":3,"minecraft:nether_brick_stairs":1,"minecraft:iron_hoe":136,"minecraft:stone_brick_slab":29,"minecraft:bookshelf":32,"minecraft:oak_stairs":8,"minecraft:iron_axe":892,"minecraft:acacia_slab":20,"minecraft:jungle_log":2,"minecraft:barrel":13,"minecraft:diamond_chestplate":1,"minecraft:tripwire_hook":4,"minecraft:emerald_block":1,"minecraft:soul_soil":4,"minecraft:wolf_spawn_egg":1,"minecraft:minecart":21,"minecraft:acacia_planks":419,"minecraft:cooked_beef":51,"minecraft:cobbled_deepslate":4,"minecraft:light_gray_bed":2,"minecraft:wheat_seeds":31,"minecraft:cooked_mutton":12,"minecraft:acacia_boat":12,"minecraft:water_bucket":317,"minecraft:pink_tulip":12,"minecraft:birch_planks":93,"minecraft:cartography_table":4,"minecraft:birch_boat":1,"minecraft:fletching_table":23,"minecraft:cobblestone_slab":154,"minecraft:mossy_cobblestone":11,"minecraft:rail":138,"minecraft:crafting_table":8,"minecraft:oak_slab":15,"minecraft:red_bed":3,"minecraft:birch_sign":10,"minecraft:white_bed":26,"minecraft:oak_log":6,"minecraft:polished_tuff_slab":1,"minecraft:cornflower":12,"minecraft:piston":27,"minecraft:diamond_pickaxe":1663,"minecraft:diamond_shovel":701,"minecraft:ominous_trial_key":6,"minecraft:acacia_sign":2,"minecraft:wind_charge":126,"minecraft:iron_pickaxe":657,"minecraft:cobblestone":1725,"minecraft:potion":1,"minecraft:white_banner":8,"minecraft:bucket":314,"minecraft:splash_potion":8,"minecraft:glass_pane":272,"minecraft:yellow_bed":1,"minecraft:birch_stairs":25,"minecraft:diamond_leggings":1,"minecraft:smooth_stone":35},"minecraft:dropped":{"minecraft:guster_pottery_sherd":1,"minecraft:acacia_boat":1,"minecraft:iron_sword":5,"minecraft:soul_sand":22,"minecraft:piston":1,"minecraft:birch_planks":56,"minecraft:diamond_axe":4,"minecraft:cooked_beef":177,"minecraft:oak_log":128,"minecraft:baked_potato":3,"minecraft:glass_bottle":1,"minecraft:diamond":9,"minecraft:crossbow":2,"minecraft:jungle_planks":921,"minecraft:leather_helmet":1,"minecraft:emerald":70,"minecraft:dirt":159,"minecraft:dispenser":1,"minecraft:music_disc_precipice":2,"minecraft:wooden_sword":1,"minecraft:sand":199,"minecraft:iron_pickaxe":5,"minecraft:fishing_rod":1,"minecraft:birch_log":128,"minecraft:bone":321,"minecraft:emerald_block":1,"minecraft:golden_chestplate":1,"minecraft:wheat":3,"minecraft:rotten_flesh":56,"minecraft:oak_planks":22,"minecraft:diamond_shovel":5,"minecraft:cooked_mutton":3,"minecraft:honey_bottle":15,"minecraft:white_bed":1,"minecraft:carrot":132,"minecraft:waxed_copper_block":1,"minecraft:tipped_arrow":10,"minecraft:gunpowder":4,"minecraft:melon_seeds":2,"minecraft:birch_door":3,"minecraft:leather_leggings":1,"minecraft:arrow":198,"minecraft:glass":44,"minecraft:bread":143,"minecraft:netherrack":246,"minecraft:iron_ingot":213,"minecraft:enchanted_book":1,"minecraft:stone_hoe":25,"minecraft:water_bucket":1,"minecraft:wheat_seeds":46,"minecraft:feather":3,"minecraft:diamond_leggings":4,"minecraft:cobblestone":101,"minecraft:iron_helmet":2,"minecraft:granite":7,"minecraft:golden_apple":68,"minecraft:coal":87,"minecraft:stick":15,"minecraft:pufferfish":1,"minecraft:oxeye_daisy":2,"minecraft:iron_block":1,"minecraft:diorite":7,"minecraft:torch":119,"minecraft:cooked_salmon":2,"minecraft:diamond_helmet":4,"minecraft:fire_charge":7,"minecraft:iron_leggings":1,"minecraft:iron_axe":3,"minecraft:string":51,"minecraft:iron_shovel":6,"minecraft:redstone":5,"minecraft:tuff_bricks":10,"minecraft:soul_soil":5,"minecraft:nether_wart":14,"minecraft:stone_sword":1,"minecraft:cocoa_beans":12,"minecraft:chicken":1,"minecraft:iron_boots":2,"minecraft:iron_hoe":1,"minecraft:shield":8,"minecraft:oak_button":1,"minecraft:diamond_chestplate":5,"minecraft:diamond_pickaxe":7,"minecraft:iron_chestplate":18,"minecraft:andesite":7,"minecraft:golden_sword":1,"minecraft:spider_eye":1,"minecraft:diamond_boots":4,"minecraft:sandstone":1,"minecraft:bow":4,"minecraft:wooden_pickaxe":1,"minecraft:stone_pickaxe":21,"minecraft:bell":9,"minecraft:magma_cream":8,"minecraft:waxed_oxidized_copper_grate":3,"minecraft:brick":3}},"DataVersion":3953}