{"stats":{"minecraft:custom":{"minecraft:time_since_rest":9766,"minecraft:sprint_one_cm":10808,"minecraft:damage_taken":210,"minecraft:walk_one_cm":9448,"minecraft:mob_kills":1,"minecraft:damage_dealt":200,"minecraft:interact_with_crafting_table":3,"minecraft:swim_one_cm":1123,"minecraft:fly_one_cm":25724,"minecraft:crouch_one_cm":645,"minecraft:play_time":9766,"minecraft:sneak_time":177,"minecraft:walk_under_water_one_cm":2755,"minecraft:jump":139,"minecraft:leave_game":1,"minecraft:walk_on_water_one_cm":3064,"minecraft:time_since_death":9766,"minecraft:total_world_time":9766,"minecraft:fall_one_cm":4650},"minecraft:picked_up":{"minecraft:birch_log":6,"minecraft:crafting_table":2,"minecraft:cooked_beef":4,"minecraft:andesite":3,"minecraft:dirt":3,"minecraft:bow":1,"minecraft:golden_apple":3,"minecraft:birch_sapling":1,"minecraft:coal":21,"minecraft:cobblestone":18,"minecraft:furnace":1},"minecraft:mined":{"minecraft:furnace":1,"minecraft:birch_log":6,"minecraft:andesite":3,"minecraft:crafting_table":2,"minecraft:grass_block":3,"minecraft:coal_ore":4,"minecraft:dirt":1,"minecraft:cobblestone":2,"minecraft:stone":16},"minecraft:killed":{"minecraft:skeleton":1},"minecraft:used":{"minecraft:stone_sword":5,"minecraft:stone_pickaxe":21,"minecraft:wooden_pickaxe":6,"minecraft:stone_axe":2,"minecraft:dirt":2,"minecraft:cobblestone":10,"minecraft:crafting_table":1,"minecraft:andesite":3,"minecraft:cooked_beef":1},"minecraft:crafted":{"minecraft:wooden_sword":1,"minecraft:stick":8,"minecraft:wooden_pickaxe":1,"minecraft:stone_pickaxe":1,"minecraft:stone_sword":1,"minecraft:birch_planks":24,"minecraft:stone_axe":1}},"DataVersion":3953}