{"stats":{"minecraft:killed_by":{"minecraft:creeper":1,"minecraft:spider":1},"minecraft:custom":{"minecraft:mob_kills":43,"minecraft:interact_with_crafting_table":67,"minecraft:leave_game":12,"minecraft:time_since_death":257660,"minecraft:climb_one_cm":17803,"minecraft:sprint_one_cm":577916,"minecraft:walk_one_cm":1153382,"minecraft:damage_blocked_by_shield":575,"minecraft:drop":349,"minecraft:talked_to_villager":28,"minecraft:play_time":339815,"minecraft:deaths":3,"minecraft:sneak_time":3186,"minecraft:walk_under_water_one_cm":15694,"minecraft:boat_one_cm":303112,"minecraft:jump":4884,"minecraft:interact_with_blast_furnace":5,"minecraft:walk_on_water_one_cm":27379,"minecraft:total_world_time":339815,"minecraft:interact_with_furnace":37,"minecraft:sleep_in_bed":20,"minecraft:time_since_rest":9919,"minecraft:damage_taken":2867,"minecraft:damage_dealt":5494,"minecraft:swim_one_cm":9184,"minecraft:fly_one_cm":1117807,"minecraft:open_chest":134,"minecraft:crouch_one_cm":8796,"minecraft:fall_one_cm":137347,"minecraft:horse_one_cm":16646},"minecraft:picked_up":{"minecraft:crafting_table":10,"minecraft:wheat":481,"minecraft:chicken":6,"minecraft:leather_leggings":2,"minecraft:wooden_pickaxe":3,"minecraft:oak_stairs":6,"minecraft:shield":1,"minecraft:string":5,"minecraft:jungle_trapdoor":1,"minecraft:raw_copper":5,"minecraft:iron_axe":3,"minecraft:wooden_sword":1,"minecraft:diamond_leggings":1,"minecraft:beef":15,"minecraft:oak_boat":6,"minecraft:iron_pickaxe":1,"minecraft:chest":3,"minecraft:iron_boots":3,"minecraft:egg":2,"minecraft:stick":17,"minecraft:raw_iron":26,"minecraft:sandstone":2,"minecraft:oak_door":3,"minecraft:oak_fence":27,"minecraft:torch":9,"minecraft:acacia_log":11,"minecraft:copper_door":2,"minecraft:diamond_chestplate":1,"minecraft:arrow":8,"minecraft:rotten_flesh":12,"minecraft:stone_shovel":1,"minecraft:diamond_boots":1,"minecraft:mutton":9,"minecraft:white_wool":9,"minecraft:cobblestone":993,"minecraft:feather":7,"minecraft:cooked_beef":9,"minecraft:water_bucket":1,"minecraft:leather":13,"minecraft:jungle_fence":10,"minecraft:oak_log":247,"minecraft:dirt":297,"minecraft:cooked_mutton":4,"minecraft:bone":7,"minecraft:acacia_planks":16,"minecraft:apple":1,"minecraft:bow":1,"minecraft:wheat_seeds":1787,"minecraft:cooked_chicken":1,"minecraft:diamond_helmet":1,"minecraft:oak_planks":122,"minecraft:iron_sword":8,"minecraft:sand":23,"minecraft:jungle_planks":924,"minecraft:white_bed":9,"minecraft:spider_eye":1,"minecraft:stone_axe":1,"minecraft:granite":9,"minecraft:emerald":4,"minecraft:oak_sapling":20,"minecraft:brown_banner":13,"minecraft:coal":52,"minecraft:diamond_pickaxe":2,"minecraft:ender_pearl":1},"minecraft:mined":{"minecraft:white_bed":9,"minecraft:farmland":1,"minecraft:oak_door":1,"minecraft:granite":9,"minecraft:acacia_log":8,"minecraft:grass_block":180,"minecraft:jungle_planks":3,"minecraft:sandstone":1,"minecraft:iron_ore":26,"minecraft:vine":2,"minecraft:oak_stairs":6,"minecraft:stone":918,"minecraft:jungle_trapdoor":1,"minecraft:dandelion":1,"minecraft:oak_fence":27,"minecraft:crafting_table":7,"minecraft:torch":1,"minecraft:short_grass":135,"minecraft:chest":1,"minecraft:glass":4,"minecraft:tall_grass":43,"minecraft:copper_ore":1,"minecraft:cobblestone":32,"minecraft:oak_planks":32,"minecraft:wheat":433,"minecraft:brown_wall_banner":14,"minecraft:jungle_fence":10,"minecraft:oak_log":209,"minecraft:coal_ore":31,"minecraft:sand":22,"minecraft:dirt":116,"minecraft:oak_leaves":21},"minecraft:killed":{"minecraft:spider":7,"minecraft:skeleton":6,"minecraft:chicken":6,"minecraft:sheep":6,"minecraft:zombie":6,"minecraft:enderman":1,"minecraft:cow":8},"minecraft:broken":{"minecraft:iron_axe":1,"minecraft:wooden_hoe":1,"minecraft:stone_shovel":2},"minecraft:used":{"minecraft:oak_fence":27,"minecraft:stone_sword":17,"minecraft:stone_shovel":282,"minecraft:chest":9,"minecraft:shield":15,"minecraft:iron_sword":326,"minecraft:iron_chestplate":1,"minecraft:oak_door":6,"minecraft:torch":26,"minecraft:dirt":209,"minecraft:mutton":5,"minecraft:jungle_planks":77,"minecraft:jungle_trapdoor":2,"minecraft:granite":5,"minecraft:glass":4,"minecraft:iron_axe":259,"minecraft:oak_stairs":16,"minecraft:iron_boots":1,"minecraft:beef":6,"minecraft:oak_sapling":4,"minecraft:furnace":3,"minecraft:cooked_beef":1,"minecraft:wheat_seeds":502,"minecraft:cooked_mutton":4,"minecraft:water_bucket":2,"minecraft:leather_leggings":2,"minecraft:stone_pickaxe":38,"minecraft:jungle_fence":149,"minecraft:oak_planks":239,"minecraft:wooden_pickaxe":24,"minecraft:diamond_axe":59,"minecraft:crafting_table":8,"minecraft:brown_banner":7,"minecraft:white_bed":10,"minecraft:oak_log":116,"minecraft:wooden_hoe":91,"minecraft:diamond_pickaxe":819,"minecraft:bread":52,"minecraft:iron_pickaxe":139,"minecraft:stone_axe":1,"minecraft:wooden_sword":21,"minecraft:cobblestone":85,"minecraft:bucket":2,"minecraft:glass_pane":24,"minecraft:oak_boat":5,"minecraft:bone_meal":21},"minecraft:crafted":{"minecraft:wooden_sword":1,"minecraft:oak_door":3,"minecraft:oak_planks":356,"minecraft:stone_shovel":2,"minecraft:cooked_chicken":1,"minecraft:furnace":3,"minecraft:jungle_trapdoor":2,"minecraft:bone_meal":21,"minecraft:cooked_mutton":4,"minecraft:glass_pane":48,"minecraft:glass":22,"minecraft:iron_boots":1,"minecraft:bow":1,"minecraft:iron_axe":2,"minecraft:stone_pickaxe":1,"minecraft:chest":8,"minecraft:jungle_fence":156,"minecraft:oak_fence":27,"minecraft:cooked_beef":8,"minecraft:crafting_table":2,"minecraft:wooden_pickaxe":1,"minecraft:iron_sword":1,"minecraft:stone_axe":1,"minecraft:bread":139,"minecraft:oak_boat":1,"minecraft:wooden_hoe":2,"minecraft:iron_chestplate":1,"minecraft:shield":1,"minecraft:stick":184,"minecraft:iron_ingot":24,"minecraft:iron_pickaxe":1,"minecraft:oak_stairs":24,"minecraft:stone_sword":1,"minecraft:white_bed":1,"minecraft:acacia_planks":20,"minecraft:torch":44},"minecraft:dropped":{"minecraft:iron_sword":7,"minecraft:wheat_seeds":210,"minecraft:oak_log":1,"minecraft:crafting_table":2,"minecraft:diamond_leggings":1,"minecraft:cobblestone":840,"minecraft:copper_door":2,"minecraft:coal":3,"minecraft:stick":12,"minecraft:dirt":1,"minecraft:torch":2,"minecraft:diamond_helmet":1,"minecraft:iron_axe":2,"minecraft:bone":1,"minecraft:stone_axe":1,"minecraft:raw_copper":5,"minecraft:wheat":6,"minecraft:stone_shovel":1,"minecraft:rotten_flesh":5,"minecraft:oak_planks":16,"minecraft:iron_boots":1,"minecraft:diamond_chestplate":1,"minecraft:diamond_pickaxe":2,"minecraft:oak_boat":1,"minecraft:chest":1,"minecraft:diamond_boots":1,"minecraft:sandstone":1}},"DataVersion":3953}