{"stats":{"minecraft:custom":{"minecraft:jump":80,"minecraft:time_since_rest":6,"minecraft:crouch_one_cm":98,"minecraft:deaths":1,"minecraft:sprint_one_cm":11840,"minecraft:play_time":1917,"minecraft:damage_taken":225,"minecraft:time_since_death":0,"minecraft:walk_one_cm":2946,"minecraft:sneak_time":10,"minecraft:total_world_time":1917,"minecraft:fall_one_cm":1881,"minecraft:fly_one_cm":22699},"minecraft:killed_by":{"minecraft:skeleton":1},"minecraft:mined":{"minecraft:tall_grass":3,"minecraft:short_grass":2,"minecraft:oak_leaves":2,"minecraft:sand":1},"minecraft:picked_up":{"minecraft:stick":2,"minecraft:sand":1}},"DataVersion":3953}