{"stats":{"minecraft:custom":{"minecraft:open_chest":1,"minecraft:time_since_rest":7038,"minecraft:crouch_one_cm":1362,"minecraft:play_time":13917,"minecraft:sprint_one_cm":30814,"minecraft:walk_one_cm":26507,"minecraft:damage_taken":705,"minecraft:deaths":3,"minecraft:sneak_time":187,"minecraft:walk_under_water_one_cm":512,"minecraft:mob_kills":1,"minecraft:jump":394,"minecraft:damage_dealt":389,"minecraft:walk_on_water_one_cm":1711,"minecraft:time_since_death":7008,"minecraft:total_world_time":13917,"minecraft:fly_one_cm":111657,"minecraft:fall_one_cm":12088,"minecraft:horse_one_cm":11663},"minecraft:killed_by":{"minecraft:skeleton":1,"minecraft:enderman":1},"minecraft:mined":{"minecraft:short_grass":2,"minecraft:sand":1,"minecraft:tall_grass":3,"minecraft:oxeye_daisy":1,"minecraft:oak_leaves":2},"minecraft:picked_up":{"minecraft:stick":2,"minecraft:sand":1,"minecraft:grass_block":1,"minecraft:oxeye_daisy":1}},"DataVersion":3953}