{"stats":{"minecraft:killed":{"minecraft:sheep":3,"minecraft:chicken":1},"minecraft:custom":{"minecraft:time_since_rest":6842,"minecraft:sprint_one_cm":53857,"minecraft:damage_taken":1407,"minecraft:walk_one_cm":48336,"minecraft:mob_kills":5,"minecraft:drop":5,"minecraft:damage_dealt":1172,"minecraft:swim_one_cm":26092,"minecraft:interact_with_crafting_table":1,"minecraft:fly_one_cm":170162,"minecraft:player_kills":2,"minecraft:open_chest":1,"minecraft:crouch_one_cm":2089,"minecraft:play_time":28927,"minecraft:deaths":6,"minecraft:sneak_time":862,"minecraft:walk_under_water_one_cm":2491,"minecraft:jump":823,"minecraft:leave_game":1,"minecraft:time_since_death":6812,"minecraft:walk_on_water_one_cm":8463,"minecraft:total_world_time":28927,"minecraft:fall_one_cm":25797,"minecraft:horse_one_cm":17677},"minecraft:crafted":{"minecraft:crafting_table":1,"minecraft:stick":4,"minecraft:wooden_axe":1,"minecraft:birch_planks":12},"minecraft:killed_by":{"minecraft:player":1,"minecraft:skeleton":1,"minecraft:enderman":1},"minecraft:mined":{"minecraft:birch_log":3,"minecraft:crafting_table":1,"minecraft:short_grass":2,"minecraft:gravel":6,"minecraft:sand":1,"minecraft:tall_grass":3,"minecraft:oxeye_daisy":1,"minecraft:oak_leaves":2},"minecraft:used":{"minecraft:wooden_axe":5,"minecraft:chicken":1,"minecraft:gravel":4,"minecraft:mutton":3,"minecraft:crafting_table":1},"minecraft:picked_up":{"minecraft:birch_log":3,"minecraft:stick":4,"minecraft:crafting_table":1,"minecraft:feather":2,"minecraft:chicken":1,"minecraft:gravel":4,"minecraft:birch_planks":3,"minecraft:sand":1,"minecraft:flint":2,"minecraft:grass_block":1,"minecraft:mutton":3,"minecraft:white_wool":3,"minecraft:oxeye_daisy":1},"minecraft:dropped":{"minecraft:birch_planks":3,"minecraft:stick":2}},"DataVersion":3953}