{"stats":{"minecraft:killed":{"minecraft:zombie":2,"minecraft:salmon":1,"minecraft:spider":2},"minecraft:custom":{"minecraft:time_since_rest":7208,"minecraft:interact_with_furnace":4,"minecraft:sprint_one_cm":54845,"minecraft:damage_taken":432,"minecraft:walk_one_cm":175698,"minecraft:mob_kills":5,"minecraft:drop":7,"minecraft:damage_dealt":697,"minecraft:swim_one_cm":4878,"minecraft:interact_with_crafting_table":10,"minecraft:fly_one_cm":37925,"minecraft:open_chest":7,"minecraft:crouch_one_cm":5484,"minecraft:play_time":60259,"minecraft:sneak_time":1599,"minecraft:walk_under_water_one_cm":2200,"minecraft:jump":318,"minecraft:leave_game":1,"minecraft:time_since_death":60259,"minecraft:walk_on_water_one_cm":1811,"minecraft:climb_one_cm":5038,"minecraft:sleep_in_bed":2,"minecraft:total_world_time":60259,"minecraft:fall_one_cm":7025},"minecraft:crafted":{"minecraft:cooked_beef":2,"minecraft:oak_planks":24,"minecraft:crafting_table":1,"minecraft:birch_fence_gate":1,"minecraft:birch_fence":30,"minecraft:stick":40,"minecraft:birch_planks":124},"minecraft:mined":{"minecraft:birch_planks":1,"minecraft:birch_log":13,"minecraft:cornflower":1,"minecraft:granite":1,"minecraft:short_grass":14,"minecraft:oak_log":25,"minecraft:pink_tulip":7,"minecraft:stone":7,"minecraft:diorite":8,"minecraft:oak_leaves":4},"minecraft:used":{"minecraft:diamond_pickaxe":16,"minecraft:diamond_boots":1,"minecraft:birch_fence_gate":1,"minecraft:birch_planks":56,"minecraft:iron_sword":10,"minecraft:diamond_axe":61,"minecraft:diamond_chestplate":1,"minecraft:bow":1,"minecraft:crafting_table":1,"minecraft:diamond_helmet":1,"minecraft:cooked_beef":5,"minecraft:diamond_leggings":1,"minecraft:birch_fence":21},"minecraft:picked_up":{"minecraft:birch_log":77,"minecraft:stick":2,"minecraft:cooked_beef":63,"minecraft:birch_planks":3,"minecraft:potion":1,"minecraft:oak_log":25,"minecraft:diorite":8,"minecraft:shield":2,"minecraft:gunpowder":2,"minecraft:redstone":4,"minecraft:cornflower":1,"minecraft:diamond_shovel":1,"minecraft:arrow":1,"minecraft:rotten_flesh":4,"minecraft:diamond_chestplate":1,"minecraft:bow":1,"minecraft:wheat_seeds":4,"minecraft:diamond_leggings":1,"minecraft:diamond_boots":1,"minecraft:granite":1,"minecraft:diamond_axe":1,"minecraft:pink_tulip":7,"minecraft:diamond_helmet":1,"minecraft:glowstone_dust":2,"minecraft:birch_sapling":1,"minecraft:iron_sword":2,"minecraft:cobblestone":11,"minecraft:diamond_pickaxe":1},"minecraft:dropped":{"minecraft:iron_sword":1,"minecraft:birch_planks":2,"minecraft:shield":1,"minecraft:stick":17}},"DataVersion":3953}