{"stats":{"minecraft:killed":{"minecraft:spider":1},"minecraft:custom":{"minecraft:time_since_rest":668,"minecraft:open_chest":2,"minecraft:interact_with_furnace":1,"minecraft:crouch_one_cm":207,"minecraft:play_time":6259,"minecraft:sprint_one_cm":5810,"minecraft:damage_taken":165,"minecraft:walk_one_cm":25181,"minecraft:sneak_time":28,"minecraft:mob_kills":1,"minecraft:jump":48,"minecraft:damage_dealt":160,"minecraft:leave_game":1,"minecraft:time_since_death":6259,"minecraft:sleep_in_bed":1,"minecraft:total_world_time":6259,"minecraft:fall_one_cm":836,"minecraft:fly_one_cm":5268},"minecraft:mined":{"minecraft:short_grass":13},"minecraft:used":{"minecraft:bow":1,"minecraft:diamond_axe":17},"minecraft:picked_up":{"minecraft:diamond_shovel":1,"minecraft:arrow":1,"minecraft:bow":1,"minecraft:wheat_seeds":3,"minecraft:diamond_axe":1,"minecraft:diamond_pickaxe":1}},"DataVersion":3953}