{"stats":{"minecraft:killed":{"minecraft:spider":1},"minecraft:custom":{"minecraft:time_since_rest":18668,"minecraft:interact_with_furnace":4,"minecraft:sprint_one_cm":45029,"minecraft:damage_taken":317,"minecraft:walk_one_cm":72665,"minecraft:mob_kills":1,"minecraft:damage_dealt":224,"minecraft:swim_one_cm":1778,"minecraft:interact_with_crafting_table":1,"minecraft:fly_one_cm":32715,"minecraft:open_chest":2,"minecraft:crouch_one_cm":2275,"minecraft:play_time":24259,"minecraft:sneak_time":588,"minecraft:walk_under_water_one_cm":55,"minecraft:jump":191,"minecraft:leave_game":1,"minecraft:time_since_death":24259,"minecraft:walk_on_water_one_cm":981,"minecraft:climb_one_cm":2038,"minecraft:sleep_in_bed":1,"minecraft:total_world_time":24259,"minecraft:fall_one_cm":5469},"minecraft:crafted":{"minecraft:cooked_beef":2,"minecraft:crafting_table":1,"minecraft:birch_planks":52},"minecraft:mined":{"minecraft:birch_log":13,"minecraft:short_grass":13},"minecraft:used":{"minecraft:diamond_boots":1,"minecraft:birch_planks":37,"minecraft:iron_sword":4,"minecraft:diamond_axe":30,"minecraft:diamond_chestplate":1,"minecraft:bow":1,"minecraft:crafting_table":1,"minecraft:diamond_helmet":1,"minecraft:cooked_beef":3,"minecraft:diamond_leggings":1},"minecraft:picked_up":{"minecraft:birch_log":77,"minecraft:cooked_beef":63,"minecraft:shield":1,"minecraft:gunpowder":2,"minecraft:diamond_shovel":1,"minecraft:arrow":1,"minecraft:diamond_chestplate":1,"minecraft:bow":1,"minecraft:wheat_seeds":3,"minecraft:diamond_leggings":1,"minecraft:diamond_boots":1,"minecraft:diamond_axe":1,"minecraft:diamond_helmet":1,"minecraft:birch_sapling":1,"minecraft:iron_sword":1,"minecraft:diamond_pickaxe":1}},"DataVersion":3953}