{"stats":{"minecraft:killed":{"minecraft:spider":1},"minecraft:custom":{"minecraft:time_since_rest":30668,"minecraft:interact_with_furnace":4,"minecraft:sprint_one_cm":45413,"minecraft:damage_taken":347,"minecraft:walk_one_cm":107929,"minecraft:mob_kills":1,"minecraft:drop":3,"minecraft:damage_dealt":224,"minecraft:swim_one_cm":1778,"minecraft:interact_with_crafting_table":5,"minecraft:fly_one_cm":32963,"minecraft:open_chest":2,"minecraft:crouch_one_cm":4968,"minecraft:play_time":36259,"minecraft:sneak_time":1441,"minecraft:walk_under_water_one_cm":55,"minecraft:jump":197,"minecraft:leave_game":1,"minecraft:time_since_death":36259,"minecraft:walk_on_water_one_cm":981,"minecraft:climb_one_cm":2038,"minecraft:sleep_in_bed":1,"minecraft:total_world_time":36259,"minecraft:fall_one_cm":6038},"minecraft:crafted":{"minecraft:cooked_beef":2,"minecraft:crafting_table":1,"minecraft:birch_fence":24,"minecraft:stick":32,"minecraft:birch_planks":124},"minecraft:mined":{"minecraft:birch_planks":1,"minecraft:birch_log":13,"minecraft:cornflower":1,"minecraft:short_grass":14,"minecraft:pink_tulip":7},"minecraft:used":{"minecraft:diamond_boots":1,"minecraft:birch_planks":56,"minecraft:iron_sword":4,"minecraft:diamond_axe":31,"minecraft:diamond_chestplate":1,"minecraft:bow":1,"minecraft:crafting_table":1,"minecraft:diamond_helmet":1,"minecraft:cooked_beef":4,"minecraft:diamond_leggings":1,"minecraft:birch_fence":21},"minecraft:picked_up":{"minecraft:birch_log":77,"minecraft:cooked_beef":63,"minecraft:birch_planks":3,"minecraft:shield":2,"minecraft:gunpowder":2,"minecraft:cornflower":1,"minecraft:diamond_shovel":1,"minecraft:arrow":1,"minecraft:rotten_flesh":1,"minecraft:diamond_chestplate":1,"minecraft:bow":1,"minecraft:wheat_seeds":4,"minecraft:diamond_leggings":1,"minecraft:diamond_boots":1,"minecraft:diamond_axe":1,"minecraft:pink_tulip":7,"minecraft:diamond_helmet":1,"minecraft:birch_sapling":1,"minecraft:iron_sword":1,"minecraft:diamond_pickaxe":1},"minecraft:dropped":{"minecraft:birch_planks":2,"minecraft:shield":1}},"DataVersion":3953}