{"stats":{"minecraft:killed":{"minecraft:salmon":1,"minecraft:spider":3,"minecraft:zombie":2},"minecraft:custom":{"minecraft:interact_with_furnace":10,"minecraft:mob_kills":6,"minecraft:interact_with_crafting_table":21,"minecraft:leave_game":1,"minecraft:time_since_death":84259,"minecraft:sleep_in_bed":2,"minecraft:climb_one_cm":7978,"minecraft:time_since_rest":31208,"minecraft:sprint_one_cm":77123,"minecraft:damage_taken":460,"minecraft:walk_one_cm":272145,"minecraft:drop":8,"minecraft:damage_dealt":857,"minecraft:swim_one_cm":4878,"minecraft:fly_one_cm":49717,"minecraft:open_chest":17,"minecraft:crouch_one_cm":5680,"minecraft:play_time":84259,"minecraft:sneak_time":1758,"minecraft:walk_under_water_one_cm":2200,"minecraft:jump":400,"minecraft:walk_on_water_one_cm":2076,"minecraft:total_world_time":84259,"minecraft:fall_one_cm":9090},"minecraft:crafted":{"minecraft:cooked_beef":2,"minecraft:oak_door":3,"minecraft:oak_slab":6,"minecraft:oak_planks":24,"minecraft:crafting_table":1,"minecraft:birch_slab":6,"minecraft:furnace":1,"minecraft:stone":23,"minecraft:birch_planks":144,"minecraft:paper":9,"minecraft:birch_fence":30,"minecraft:stick":40,"minecraft:birch_fence_gate":1,"minecraft:gold_ingot":8,"minecraft:birch_door":6,"minecraft:stone_bricks":20,"minecraft:birch_sign":3},"minecraft:mined":{"minecraft:oak_slab":1,"minecraft:light_gray_carpet":16,"minecraft:cornflower":1,"minecraft:granite":1,"minecraft:short_grass":14,"minecraft:birch_slab":2,"minecraft:sugar_cane":5,"minecraft:diorite":8,"minecraft:birch_planks":1,"minecraft:birch_log":13,"minecraft:birch_door":1,"minecraft:oak_log":25,"minecraft:coal_ore":9,"minecraft:pink_tulip":7,"minecraft:birch_sign":1,"minecraft:stone":90,"minecraft:oak_leaves":4},"minecraft:used":{"minecraft:diamond_boots":1,"minecraft:birch_planks":56,"minecraft:iron_sword":10,"minecraft:diamond_axe":71,"minecraft:oak_slab":9,"minecraft:crafting_table":1,"minecraft:diamond_helmet":1,"minecraft:birch_fence":21,"minecraft:birch_door":5,"minecraft:diamond_pickaxe":108,"minecraft:diamond_shovel":51,"minecraft:birch_fence_gate":1,"minecraft:birch_slab":4,"minecraft:diamond_chestplate":1,"minecraft:bow":1,"minecraft:furnace":1,"minecraft:cooked_beef":5,"minecraft:diamond_leggings":1},"minecraft:picked_up":{"minecraft:birch_log":77,"minecraft:birch_door":1,"minecraft:cooked_beef":63,"minecraft:birch_slab":2,"minecraft:birch_planks":3,"minecraft:potion":1,"minecraft:oak_log":25,"minecraft:waxed_copper_block":1,"minecraft:shield":2,"minecraft:gunpowder":2,"minecraft:cornflower":1,"minecraft:string":1,"minecraft:diamond_leggings":1,"minecraft:bow":2,"minecraft:wheat_seeds":4,"minecraft:trial_key":2,"minecraft:diamond_helmet":1,"minecraft:glowstone_dust":2,"minecraft:sugar_cane":12,"minecraft:birch_sapling":1,"minecraft:iron_sword":2,"minecraft:oak_slab":1,"minecraft:stick":2,"minecraft:diorite":8,"minecraft:redstone":4,"minecraft:diamond_shovel":1,"minecraft:arrow":1,"minecraft:diamond_chestplate":1,"minecraft:rotten_flesh":4,"minecraft:diamond_boots":1,"minecraft:diamond_axe":1,"minecraft:granite":1,"minecraft:birch_sign":1,"minecraft:pink_tulip":7,"minecraft:light_gray_carpet":16,"minecraft:coal":9,"minecraft:cobblestone":94,"minecraft:diamond_pickaxe":1},"minecraft:dropped":{"minecraft:iron_sword":1,"minecraft:birch_planks":2,"minecraft:stick":17,"minecraft:shield":1,"minecraft:trial_key":2}},"DataVersion":3953}