{"stats":{"minecraft:killed":{"minecraft:skeleton":1},"minecraft:custom":{"minecraft:jump":48,"minecraft:time_since_rest":130935,"minecraft:damage_dealt":247,"minecraft:crouch_one_cm":1093,"minecraft:leave_game":9,"minecraft:sprint_one_cm":6675,"minecraft:play_time":130935,"minecraft:damage_taken":20,"minecraft:time_since_death":130935,"minecraft:walk_one_cm":6743,"minecraft:sneak_time":581,"minecraft:total_world_time":130935,"minecraft:mob_kills":1,"minecraft:drop":1,"minecraft:fall_one_cm":482,"minecraft:fly_one_cm":215057,"minecraft:player_kills":1},"minecraft:dropped":{"minecraft:arrow":1},"minecraft:picked_up":{"minecraft:arrow":1,"minecraft:wheat_seeds":1},"minecraft:used":{"minecraft:oak_log":1,"minecraft:iron_block":37,"minecraft:grass_block":2}},"DataVersion":3953}