{"stats":{"minecraft:killed":{"minecraft:sheep":5,"minecraft:cow":4},"minecraft:custom":{"minecraft:time_since_rest":8875,"minecraft:sprint_one_cm":34199,"minecraft:damage_taken":250,"minecraft:walk_one_cm":24309,"minecraft:mob_kills":9,"minecraft:damage_dealt":851,"minecraft:interact_with_crafting_table":7,"minecraft:fly_one_cm":73436,"minecraft:crouch_one_cm":5860,"minecraft:play_time":20628,"minecraft:deaths":1,"minecraft:sneak_time":2045,"minecraft:walk_under_water_one_cm":642,"minecraft:boat_one_cm":249031,"minecraft:jump":311,"minecraft:walk_on_water_one_cm":1070,"minecraft:time_since_death":8828,"minecraft:total_world_time":20628,"minecraft:fall_one_cm":8267},"minecraft:crafted":{"minecraft:oak_boat":2,"minecraft:oak_planks":40,"minecraft:crafting_table":2,"minecraft:stick":16,"minecraft:wooden_pickaxe":2,"minecraft:stone_pickaxe":1,"minecraft:white_bed":1,"minecraft:stone_axe":1},"minecraft:killed_by":{"minecraft:guardian":1},"minecraft:mined":{"minecraft:crafting_table":4,"minecraft:short_grass":4,"minecraft:grass_block":7,"minecraft:oak_log":15,"minecraft:dirt":16,"minecraft:tall_grass":2,"minecraft:stone":30,"minecraft:sugar_cane":1,"minecraft:oak_leaves":3},"minecraft:used":{"minecraft:stone_pickaxe":4,"minecraft:wooden_pickaxe":26,"minecraft:stone_axe":21,"minecraft:beef":2,"minecraft:crafting_table":5,"minecraft:oak_boat":2},"minecraft:picked_up":{"minecraft:crafting_table":4,"minecraft:leather":4,"minecraft:oak_log":15,"minecraft:dirt":22,"minecraft:beef":5,"minecraft:sugar_cane":3,"minecraft:mutton":8,"minecraft:white_wool":5,"minecraft:cobblestone":27}},"DataVersion":3953}