{"stats":{"minecraft:killed":{"minecraft:sheep":4,"minecraft:cow":3},"minecraft:custom":{"minecraft:time_since_rest":8628,"minecraft:crouch_one_cm":3536,"minecraft:play_time":8628,"minecraft:sprint_one_cm":22773,"minecraft:damage_taken":10,"minecraft:walk_one_cm":12867,"minecraft:sneak_time":1071,"minecraft:mob_kills":7,"minecraft:jump":198,"minecraft:damage_dealt":600,"minecraft:time_since_death":8628,"minecraft:total_world_time":8628,"minecraft:interact_with_crafting_table":5,"minecraft:fall_one_cm":5492,"minecraft:fly_one_cm":42232},"minecraft:crafted":{"minecraft:white_bed":1,"minecraft:oak_planks":24,"minecraft:stone_axe":1,"minecraft:crafting_table":1,"minecraft:stone_pickaxe":1,"minecraft:stick":8,"minecraft:wooden_pickaxe":1},"minecraft:mined":{"minecraft:short_grass":3,"minecraft:grass_block":3,"minecraft:oak_log":11,"minecraft:dirt":6,"minecraft:tall_grass":2,"minecraft:stone":13,"minecraft:sugar_cane":1,"minecraft:crafting_table":3},"minecraft:used":{"minecraft:stone_axe":16,"minecraft:crafting_table":3,"minecraft:stone_pickaxe":4,"minecraft:wooden_pickaxe":9},"minecraft:picked_up":{"minecraft:crafting_table":3,"minecraft:leather":4,"minecraft:beef":3,"minecraft:oak_log":11,"minecraft:sugar_cane":3,"minecraft:white_wool":4,"minecraft:mutton":6,"minecraft:dirt":9,"minecraft:cobblestone":13}},"DataVersion":3953}