{"stats":{"minecraft:killed":{"minecraft:pig":1,"minecraft:sheep":8,"minecraft:horse":1,"minecraft:villager":8,"minecraft:cow":8},"minecraft:custom":{"minecraft:interact_with_furnace":5,"minecraft:mob_kills":26,"minecraft:interact_with_crafting_table":10,"minecraft:leave_game":2,"minecraft:time_since_death":160,"minecraft:climb_one_cm":482,"minecraft:time_since_rest":226,"minecraft:sprint_one_cm":156241,"minecraft:damage_taken":2499,"minecraft:walk_one_cm":115648,"minecraft:drop":13,"minecraft:damage_dealt":4415,"minecraft:swim_one_cm":33429,"minecraft:talked_to_villager":1,"minecraft:player_kills":2,"minecraft:fly_one_cm":349606,"minecraft:open_chest":9,"minecraft:crouch_one_cm":31500,"minecraft:play_time":81975,"minecraft:deaths":11,"minecraft:sneak_time":9040,"minecraft:walk_under_water_one_cm":15159,"minecraft:boat_one_cm":682439,"minecraft:jump":1511,"minecraft:walk_on_water_one_cm":19946,"minecraft:total_world_time":81975,"minecraft:fall_one_cm":32668},"minecraft:crafted":{"minecraft:oak_planks":64,"minecraft:stone_shovel":1,"minecraft:cooked_porkchop":2,"minecraft:crafting_table":3,"minecraft:wooden_pickaxe":2,"minecraft:furnace":2,"minecraft:stone_axe":2,"minecraft:cooked_mutton":3,"minecraft:air":0,"minecraft:oak_boat":4,"minecraft:stick":20,"minecraft:stone_pickaxe":2,"minecraft:stone_sword":1,"minecraft:white_bed":1},"minecraft:killed_by":{"minecraft:player":4,"minecraft:guardian":1,"minecraft:drowned":1},"minecraft:mined":{"minecraft:light_gray_carpet":2,"minecraft:glass_pane":5,"minecraft:red_bed":1,"minecraft:oak_fence":1,"minecraft:crafting_table":7,"minecraft:short_grass":6,"minecraft:grass_block":10,"minecraft:melon":2,"minecraft:chest":20,"minecraft:light_gray_bed":2,"minecraft:tall_grass":3,"minecraft:sugar_cane":2,"minecraft:fire":37,"minecraft:wheat":7,"minecraft:white_carpet":2,"minecraft:oak_log":35,"minecraft:gravel":1,"minecraft:sand":4,"minecraft:dirt":22,"minecraft:stone":45,"minecraft:oak_leaves":5,"minecraft:birch_fence":2},"minecraft:used":{"minecraft:cooked_mutton":1,"minecraft:stone_sword":2,"minecraft:flint_and_steel":38,"minecraft:stone_pickaxe":8,"minecraft:stone_shovel":5,"minecraft:oak_planks":4,"minecraft:wooden_pickaxe":39,"minecraft:diamond_axe":57,"minecraft:dirt":14,"minecraft:mutton":1,"minecraft:crafting_table":8,"minecraft:white_bed":2,"minecraft:melon_slice":3,"minecraft:stone_axe":58,"minecraft:light_gray_wool":1,"minecraft:beef":2,"minecraft:porkchop":1,"minecraft:cooked_porkchop":1,"minecraft:oak_boat":4},"minecraft:picked_up":{"minecraft:birch_log":1,"minecraft:crafting_table":7,"minecraft:iron_chestplate":1,"minecraft:wheat":5,"minecraft:leather":8,"minecraft:wooden_pickaxe":1,"minecraft:birch_planks":1,"minecraft:enchanted_book":1,"minecraft:flint":1,"minecraft:oak_log":35,"minecraft:shield":5,"minecraft:dirt":50,"minecraft:red_bed":1,"minecraft:flint_and_steel":1,"minecraft:white_carpet":9,"minecraft:iron_shovel":1,"minecraft:gold_nugget":51,"minecraft:wheat_seeds":61,"minecraft:cartography_table":1,"minecraft:diamond_leggings":5,"minecraft:raw_gold":22,"minecraft:bell":2,"minecraft:beef":11,"minecraft:stone_pickaxe":3,"minecraft:cobblestone_slab":319,"minecraft:diamond_helmet":3,"minecraft:iron_pickaxe":1,"minecraft:light_gray_wool":1,"minecraft:melon_slice":11,"minecraft:sugar_cane":3,"minecraft:chest":20,"minecraft:birch_sapling":2,"minecraft:soul_sand":412,"minecraft:iron_boots":1,"minecraft:porkchop":3,"minecraft:sand":7,"minecraft:white_bed":6,"minecraft:grass_block":41,"minecraft:diamond_shovel":5,"minecraft:rotten_flesh":2,"minecraft:diamond_chestplate":3,"minecraft:stone_axe":1,"minecraft:diamond_boots":3,"minecraft:iron_helmet":1,"minecraft:diamond_axe":4,"minecraft:saddle":2,"minecraft:blaze_rod":8,"minecraft:light_gray_carpet":4,"minecraft:mutton":15,"minecraft:white_wool":9,"minecraft:cobblestone":43,"minecraft:diamond_pickaxe":7},"minecraft:dropped":{"minecraft:soul_sand":64,"minecraft:diamond_axe":1,"minecraft:diamond_leggings":2,"minecraft:saddle":1,"minecraft:white_bed":1,"minecraft:shield":1,"minecraft:diamond_chestplate":2,"minecraft:diamond_helmet":2,"minecraft:diamond_boots":2}},"DataVersion":3953}