{"stats":{"minecraft:killed":{"minecraft:sheep":6,"minecraft:pig":1,"minecraft:cow":4},"minecraft:custom":{"minecraft:time_since_rest":20875,"minecraft:sprint_one_cm":74121,"minecraft:damage_taken":310,"minecraft:walk_one_cm":59813,"minecraft:mob_kills":11,"minecraft:damage_dealt":1063,"minecraft:interact_with_crafting_table":9,"minecraft:fly_one_cm":114803,"minecraft:crouch_one_cm":9527,"minecraft:play_time":32628,"minecraft:deaths":1,"minecraft:sneak_time":3169,"minecraft:walk_under_water_one_cm":642,"minecraft:boat_one_cm":263381,"minecraft:jump":525,"minecraft:walk_on_water_one_cm":2864,"minecraft:time_since_death":20828,"minecraft:total_world_time":32628,"minecraft:fall_one_cm":10630},"minecraft:crafted":{"minecraft:oak_boat":3,"minecraft:oak_planks":48,"minecraft:stone_shovel":1,"minecraft:crafting_table":3,"minecraft:stick":20,"minecraft:wooden_pickaxe":2,"minecraft:stone_pickaxe":2,"minecraft:stone_sword":1,"minecraft:furnace":2,"minecraft:white_bed":1,"minecraft:stone_axe":2},"minecraft:killed_by":{"minecraft:guardian":1},"minecraft:mined":{"minecraft:crafting_table":6,"minecraft:short_grass":4,"minecraft:grass_block":8,"minecraft:oak_log":35,"minecraft:dirt":22,"minecraft:tall_grass":2,"minecraft:stone":45,"minecraft:sugar_cane":2,"minecraft:oak_leaves":5},"minecraft:used":{"minecraft:stone_sword":2,"minecraft:stone_shovel":5,"minecraft:stone_pickaxe":8,"minecraft:wooden_pickaxe":39,"minecraft:stone_axe":48,"minecraft:light_gray_wool":1,"minecraft:dirt":14,"minecraft:mutton":1,"minecraft:beef":2,"minecraft:crafting_table":7,"minecraft:oak_boat":3},"minecraft:picked_up":{"minecraft:crafting_table":6,"minecraft:leather":4,"minecraft:porkchop":3,"minecraft:oak_log":35,"minecraft:dirt":26,"minecraft:beef":5,"minecraft:light_gray_wool":1,"minecraft:birch_sapling":2,"minecraft:sugar_cane":3,"minecraft:mutton":12,"minecraft:white_wool":7,"minecraft:cobblestone":43}},"DataVersion":3953}