{"stats":{"minecraft:killed":{"minecraft:sheep":8,"minecraft:pig":1,"minecraft:cow":8},"minecraft:custom":{"minecraft:time_since_rest":31301,"minecraft:interact_with_furnace":5,"minecraft:sprint_one_cm":109119,"minecraft:damage_taken":310,"minecraft:walk_one_cm":74704,"minecraft:mob_kills":17,"minecraft:damage_dealt":1623,"minecraft:swim_one_cm":3889,"minecraft:interact_with_crafting_table":9,"minecraft:fly_one_cm":254311,"minecraft:crouch_one_cm":9647,"minecraft:play_time":43054,"minecraft:deaths":1,"minecraft:sneak_time":3206,"minecraft:walk_under_water_one_cm":2769,"minecraft:boat_one_cm":263381,"minecraft:jump":914,"minecraft:leave_game":1,"minecraft:walk_on_water_one_cm":12911,"minecraft:time_since_death":31254,"minecraft:total_world_time":43054,"minecraft:fall_one_cm":15706},"minecraft:crafted":{"minecraft:oak_boat":3,"minecraft:oak_planks":56,"minecraft:stone_shovel":1,"minecraft:cooked_porkchop":2,"minecraft:crafting_table":3,"minecraft:stick":20,"minecraft:wooden_pickaxe":2,"minecraft:stone_pickaxe":2,"minecraft:stone_sword":1,"minecraft:furnace":2,"minecraft:white_bed":1,"minecraft:stone_axe":2,"minecraft:air":0,"minecraft:cooked_mutton":3},"minecraft:killed_by":{"minecraft:guardian":1},"minecraft:mined":{"minecraft:light_gray_carpet":1,"minecraft:red_bed":1,"minecraft:white_carpet":2,"minecraft:crafting_table":6,"minecraft:short_grass":5,"minecraft:oak_log":35,"minecraft:grass_block":8,"minecraft:dirt":22,"minecraft:tall_grass":2,"minecraft:stone":45,"minecraft:sugar_cane":2,"minecraft:oak_leaves":5},"minecraft:picked_up":{"minecraft:crafting_table":6,"minecraft:leather":8,"minecraft:porkchop":3,"minecraft:oak_log":35,"minecraft:dirt":26,"minecraft:red_bed":1,"minecraft:white_carpet":9,"minecraft:beef":11,"minecraft:light_gray_wool":1,"minecraft:birch_sapling":2,"minecraft:light_gray_carpet":3,"minecraft:sugar_cane":3,"minecraft:mutton":15,"minecraft:white_wool":9,"minecraft:cobblestone":43},"minecraft:used":{"minecraft:cooked_mutton":1,"minecraft:stone_sword":2,"minecraft:stone_shovel":5,"minecraft:stone_pickaxe":8,"minecraft:oak_planks":4,"minecraft:wooden_pickaxe":39,"minecraft:stone_axe":55,"minecraft:light_gray_wool":1,"minecraft:dirt":14,"minecraft:mutton":1,"minecraft:beef":2,"minecraft:crafting_table":7,"minecraft:cooked_porkchop":1,"minecraft:porkchop":1,"minecraft:oak_boat":3}},"DataVersion":3953}