{"stats":{"minecraft:killed":{"minecraft:spider":1,"minecraft:skeleton":3,"minecraft:villager":1},"minecraft:custom":{"minecraft:interact_with_furnace":14,"minecraft:mob_kills":5,"minecraft:interact_with_crafting_table":17,"minecraft:leave_game":4,"minecraft:time_since_death":4945,"minecraft:time_since_rest":5278,"minecraft:sprint_one_cm":143117,"minecraft:damage_taken":1782,"minecraft:walk_one_cm":166699,"minecraft:damage_blocked_by_shield":1620,"minecraft:drop":39,"minecraft:damage_dealt":1180,"minecraft:swim_one_cm":15879,"minecraft:fly_one_cm":124522,"minecraft:open_chest":4,"minecraft:crouch_one_cm":5064,"minecraft:play_time":105410,"minecraft:deaths":5,"minecraft:sneak_time":5025,"minecraft:walk_under_water_one_cm":7705,"minecraft:boat_one_cm":563462,"minecraft:jump":1092,"minecraft:walk_on_water_one_cm":6633,"minecraft:total_world_time":105410,"minecraft:fall_one_cm":27948,"minecraft:horse_one_cm":4419},"minecraft:crafted":{"minecraft:oak_planks":84,"minecraft:crafting_table":2,"minecraft:wooden_pickaxe":2,"minecraft:iron_sword":1,"minecraft:furnace":1,"minecraft:birch_planks":20,"minecraft:stone_axe":1,"minecraft:air":0,"minecraft:oak_boat":1,"minecraft:iron_chestplate":1,"minecraft:shield":1,"minecraft:stick":32,"minecraft:iron_ingot":24,"minecraft:iron_pickaxe":2,"minecraft:stone_pickaxe":5,"minecraft:wooden_axe":2,"minecraft:stone_sword":1},"minecraft:killed_by":{"minecraft:skeleton":1,"minecraft:guardian":1,"minecraft:zombie":1},"minecraft:broken":{"minecraft:stone_pickaxe":4},"minecraft:mined":{"minecraft:deepslate_redstone_ore":1,"minecraft:tuff":9,"minecraft:deepslate_diamond_ore":17,"minecraft:crafting_table":9,"minecraft:granite":27,"minecraft:short_grass":3,"minecraft:grass_block":4,"minecraft:chest":2,"minecraft:tall_grass":1,"minecraft:cobblestone":3,"minecraft:copper_ore":2,"minecraft:lapis_ore":3,"minecraft:deepslate_gold_ore":7,"minecraft:sandstone":14,"minecraft:diorite":21,"minecraft:deepslate_copper_ore":1,"minecraft:birch_log":16,"minecraft:iron_ore":63,"minecraft:andesite":4,"minecraft:birch_leaves":3,"minecraft:deepslate_lapis_ore":2,"minecraft:coal_ore":51,"minecraft:oak_log":21,"minecraft:deepslate_iron_ore":22,"minecraft:sand":2,"minecraft:gravel":7,"minecraft:dirt":10,"minecraft:stone":467,"minecraft:oak_leaves":1,"minecraft:deepslate":194},"minecraft:used":{"minecraft:diorite":1,"minecraft:stone_pickaxe":555,"minecraft:shield":22,"minecraft:wooden_pickaxe":82,"minecraft:iron_sword":18,"minecraft:crafting_table":10,"minecraft:wooden_axe":35,"minecraft:oxeye_daisy":1,"minecraft:iron_axe":7,"minecraft:iron_pickaxe":289,"minecraft:stone_axe":5,"minecraft:cobblestone":45,"minecraft:furnace":1,"minecraft:oak_boat":1,"minecraft:cooked_beef":8},"minecraft:picked_up":{"minecraft:birch_log":16,"minecraft:birch_door":3,"minecraft:charcoal":6,"minecraft:crafting_table":10,"minecraft:cooked_beef":24,"minecraft:chainmail_boots":11,"minecraft:andesite":6,"minecraft:leather":2,"minecraft:wooden_pickaxe":2,"minecraft:birch_planks":24,"minecraft:flint":2,"minecraft:oak_log":26,"minecraft:shield":6,"minecraft:string":1,"minecraft:lapis_lazuli":32,"minecraft:oak_trapdoor":4,"minecraft:dirt":81,"minecraft:paper":4,"minecraft:iron_leggings":1,"minecraft:bone":4,"minecraft:cartography_table":1,"minecraft:bow":2,"minecraft:diamond_leggings":2,"minecraft:wheat_seeds":1,"minecraft:cobbled_deepslate":154,"minecraft:raw_gold":7,"minecraft:acacia_sign":2,"minecraft:stone_pickaxe":3,"minecraft:oak_boat":1,"minecraft:iron_pickaxe":3,"minecraft:diamond_helmet":1,"minecraft:chest":4,"minecraft:sugar_cane":4,"minecraft:honeycomb":13,"minecraft:birch_sapling":1,"minecraft:iron_sword":1,"minecraft:piston":1,"minecraft:book":87,"minecraft:stick":22,"minecraft:raw_iron":90,"minecraft:sandstone":18,"minecraft:gravel":4,"minecraft:flow_pottery_sherd":1,"minecraft:diorite":24,"minecraft:redstone":5,"minecraft:barrel":3,"minecraft:diamond_chestplate":1,"minecraft:diamond_shovel":1,"minecraft:arrow":2,"minecraft:rotten_flesh":7,"minecraft:diamond":22,"minecraft:stone_axe":2,"minecraft:diamond_boots":1,"minecraft:granite":30,"minecraft:oak_sapling":1,"minecraft:oxeye_daisy":1,"minecraft:coal":51,"minecraft:rail":23,"minecraft:hopper":5,"minecraft:cobblestone":537},"minecraft:dropped":{"minecraft:iron_ingot":2,"minecraft:iron_sword":1,"minecraft:birch_planks":12,"minecraft:oak_log":3,"minecraft:cobbled_deepslate":64,"minecraft:diamond":3,"minecraft:diamond_leggings":1,"minecraft:birch_sapling":1,"minecraft:raw_iron":11,"minecraft:oak_planks":13,"minecraft:leather":2,"minecraft:granite":5,"minecraft:shield":2,"minecraft:chainmail_boots":8,"minecraft:stone_pickaxe":2,"minecraft:iron_pickaxe":2}},"DataVersion":3953}