{"stats":{"minecraft:killed":{"minecraft:spider":1,"minecraft:skeleton":3},"minecraft:custom":{"minecraft:interact_with_furnace":9,"minecraft:mob_kills":4,"minecraft:interact_with_crafting_table":10,"minecraft:leave_game":1,"minecraft:time_since_death":52566,"minecraft:time_since_rest":52566,"minecraft:sprint_one_cm":80805,"minecraft:damage_taken":802,"minecraft:walk_one_cm":118540,"minecraft:damage_blocked_by_shield":1620,"minecraft:drop":28,"minecraft:damage_dealt":906,"minecraft:fly_one_cm":53080,"minecraft:crouch_one_cm":1813,"minecraft:play_time":52566,"minecraft:sneak_time":2135,"minecraft:walk_under_water_one_cm":1409,"minecraft:jump":712,"minecraft:walk_on_water_one_cm":96,"minecraft:total_world_time":52566,"minecraft:fall_one_cm":16171},"minecraft:crafted":{"minecraft:oak_planks":52,"minecraft:crafting_table":1,"minecraft:wooden_pickaxe":1,"minecraft:iron_sword":1,"minecraft:stone_axe":1,"minecraft:air":0,"minecraft:iron_chestplate":1,"minecraft:shield":1,"minecraft:stick":20,"minecraft:iron_ingot":17,"minecraft:iron_pickaxe":1,"minecraft:stone_pickaxe":3,"minecraft:wooden_axe":1,"minecraft:stone_sword":1},"minecraft:broken":{"minecraft:stone_pickaxe":2},"minecraft:mined":{"minecraft:deepslate_redstone_ore":1,"minecraft:tuff":9,"minecraft:deepslate_diamond_ore":17,"minecraft:crafting_table":6,"minecraft:granite":7,"minecraft:short_grass":1,"minecraft:grass_block":4,"minecraft:copper_ore":2,"minecraft:cobblestone":3,"minecraft:lapis_ore":3,"minecraft:deepslate_gold_ore":7,"minecraft:diorite":17,"minecraft:deepslate_copper_ore":1,"minecraft:iron_ore":20,"minecraft:andesite":3,"minecraft:deepslate_lapis_ore":2,"minecraft:coal_ore":21,"minecraft:oak_log":13,"minecraft:deepslate_iron_ore":18,"minecraft:dirt":9,"minecraft:stone":275,"minecraft:oak_leaves":1,"minecraft:deepslate":166},"minecraft:used":{"minecraft:stone_pickaxe":293,"minecraft:wooden_pickaxe":33,"minecraft:shield":22,"minecraft:iron_sword":18,"minecraft:crafting_table":6,"minecraft:wooden_axe":13,"minecraft:iron_pickaxe":254,"minecraft:stone_axe":5,"minecraft:cobblestone":32,"minecraft:cooked_beef":8},"minecraft:picked_up":{"minecraft:charcoal":6,"minecraft:crafting_table":7,"minecraft:cooked_beef":24,"minecraft:andesite":3,"minecraft:leather":2,"minecraft:wooden_pickaxe":1,"minecraft:birch_planks":24,"minecraft:oak_log":18,"minecraft:shield":1,"minecraft:lapis_lazuli":32,"minecraft:dirt":16,"minecraft:bone":4,"minecraft:cobbled_deepslate":127,"minecraft:raw_gold":7,"minecraft:stone_pickaxe":1,"minecraft:iron_pickaxe":2,"minecraft:sugar_cane":4,"minecraft:birch_sapling":1,"minecraft:iron_sword":1,"minecraft:raw_iron":43,"minecraft:diorite":19,"minecraft:redstone":5,"minecraft:arrow":2,"minecraft:diamond":22,"minecraft:stone_axe":2,"minecraft:granite":10,"minecraft:coal":21,"minecraft:cobblestone":344},"minecraft:dropped":{"minecraft:iron_ingot":2,"minecraft:iron_sword":1,"minecraft:birch_planks":12,"minecraft:oak_log":3,"minecraft:cobbled_deepslate":64,"minecraft:diamond":3,"minecraft:birch_sapling":1,"minecraft:raw_iron":11,"minecraft:oak_planks":13,"minecraft:leather":2,"minecraft:granite":5,"minecraft:shield":1,"minecraft:stone_pickaxe":1,"minecraft:iron_pickaxe":2}},"DataVersion":3953}