{"stats":{"minecraft:killed":{"minecraft:spider":1,"minecraft:skeleton":3},"minecraft:custom":{"minecraft:interact_with_furnace":9,"minecraft:mob_kills":4,"minecraft:interact_with_crafting_table":11,"minecraft:leave_game":1,"minecraft:time_since_death":8887,"minecraft:time_since_rest":9013,"minecraft:sprint_one_cm":85706,"minecraft:damage_taken":1252,"minecraft:walk_one_cm":124747,"minecraft:damage_blocked_by_shield":1620,"minecraft:drop":28,"minecraft:damage_dealt":906,"minecraft:swim_one_cm":9080,"minecraft:fly_one_cm":58129,"minecraft:crouch_one_cm":1813,"minecraft:play_time":64566,"minecraft:deaths":2,"minecraft:sneak_time":2220,"minecraft:walk_under_water_one_cm":5608,"minecraft:boat_one_cm":217952,"minecraft:jump":764,"minecraft:walk_on_water_one_cm":2694,"minecraft:total_world_time":64566,"minecraft:fall_one_cm":17485},"minecraft:crafted":{"minecraft:oak_planks":52,"minecraft:crafting_table":2,"minecraft:wooden_pickaxe":2,"minecraft:iron_sword":1,"minecraft:birch_planks":20,"minecraft:stone_axe":1,"minecraft:air":0,"minecraft:iron_chestplate":1,"minecraft:shield":1,"minecraft:stick":24,"minecraft:iron_ingot":17,"minecraft:iron_pickaxe":1,"minecraft:stone_pickaxe":3,"minecraft:wooden_axe":2,"minecraft:stone_sword":1},"minecraft:killed_by":{"minecraft:guardian":1},"minecraft:broken":{"minecraft:stone_pickaxe":2},"minecraft:mined":{"minecraft:deepslate_redstone_ore":1,"minecraft:tuff":9,"minecraft:deepslate_diamond_ore":17,"minecraft:crafting_table":7,"minecraft:granite":7,"minecraft:short_grass":1,"minecraft:grass_block":4,"minecraft:copper_ore":2,"minecraft:cobblestone":3,"minecraft:lapis_ore":3,"minecraft:deepslate_gold_ore":7,"minecraft:diorite":17,"minecraft:deepslate_copper_ore":1,"minecraft:birch_log":5,"minecraft:iron_ore":20,"minecraft:birch_leaves":1,"minecraft:andesite":3,"minecraft:deepslate_lapis_ore":2,"minecraft:coal_ore":21,"minecraft:oak_log":13,"minecraft:deepslate_iron_ore":18,"minecraft:dirt":9,"minecraft:stone":288,"minecraft:oak_leaves":1,"minecraft:deepslate":166},"minecraft:used":{"minecraft:stone_pickaxe":293,"minecraft:wooden_pickaxe":45,"minecraft:shield":22,"minecraft:iron_sword":18,"minecraft:crafting_table":7,"minecraft:wooden_axe":14,"minecraft:iron_pickaxe":255,"minecraft:stone_axe":5,"minecraft:cobblestone":40,"minecraft:cooked_beef":8},"minecraft:picked_up":{"minecraft:birch_log":5,"minecraft:charcoal":6,"minecraft:crafting_table":8,"minecraft:cooked_beef":24,"minecraft:andesite":3,"minecraft:leather":2,"minecraft:wooden_pickaxe":1,"minecraft:birch_planks":24,"minecraft:oak_log":18,"minecraft:shield":1,"minecraft:lapis_lazuli":32,"minecraft:dirt":16,"minecraft:bone":4,"minecraft:cobbled_deepslate":127,"minecraft:raw_gold":7,"minecraft:stone_pickaxe":1,"minecraft:oak_boat":1,"minecraft:iron_pickaxe":2,"minecraft:sugar_cane":4,"minecraft:birch_sapling":1,"minecraft:iron_sword":1,"minecraft:raw_iron":43,"minecraft:diorite":19,"minecraft:redstone":5,"minecraft:arrow":2,"minecraft:diamond":22,"minecraft:stone_axe":2,"minecraft:granite":10,"minecraft:coal":21,"minecraft:cobblestone":359},"minecraft:dropped":{"minecraft:iron_ingot":2,"minecraft:iron_sword":1,"minecraft:birch_planks":12,"minecraft:oak_log":3,"minecraft:cobbled_deepslate":64,"minecraft:diamond":3,"minecraft:birch_sapling":1,"minecraft:raw_iron":11,"minecraft:oak_planks":13,"minecraft:leather":2,"minecraft:granite":5,"minecraft:shield":1,"minecraft:stone_pickaxe":1,"minecraft:iron_pickaxe":2}},"DataVersion":3953}