{"stats":{"minecraft:killed":{"minecraft:spider":1,"minecraft:skeleton":3},"minecraft:custom":{"minecraft:interact_with_furnace":14,"minecraft:mob_kills":4,"minecraft:interact_with_crafting_table":16,"minecraft:leave_game":4,"minecraft:time_since_death":3088,"minecraft:time_since_rest":3201,"minecraft:sprint_one_cm":96790,"minecraft:damage_taken":1507,"minecraft:walk_one_cm":147264,"minecraft:damage_blocked_by_shield":1620,"minecraft:drop":28,"minecraft:damage_dealt":906,"minecraft:swim_one_cm":9080,"minecraft:fly_one_cm":67545,"minecraft:crouch_one_cm":1813,"minecraft:play_time":83174,"minecraft:deaths":3,"minecraft:sneak_time":2226,"minecraft:walk_under_water_one_cm":5608,"minecraft:boat_one_cm":217952,"minecraft:jump":842,"minecraft:walk_on_water_one_cm":2694,"minecraft:total_world_time":83174,"minecraft:fall_one_cm":19844,"minecraft:horse_one_cm":4419},"minecraft:crafted":{"minecraft:oak_planks":76,"minecraft:crafting_table":2,"minecraft:wooden_pickaxe":2,"minecraft:iron_sword":1,"minecraft:furnace":1,"minecraft:birch_planks":20,"minecraft:stone_axe":1,"minecraft:air":0,"minecraft:iron_chestplate":1,"minecraft:shield":1,"minecraft:stick":32,"minecraft:iron_ingot":24,"minecraft:iron_pickaxe":2,"minecraft:stone_pickaxe":5,"minecraft:wooden_axe":2,"minecraft:stone_sword":1},"minecraft:killed_by":{"minecraft:guardian":1,"minecraft:zombie":1},"minecraft:broken":{"minecraft:stone_pickaxe":4},"minecraft:mined":{"minecraft:deepslate_redstone_ore":1,"minecraft:tuff":9,"minecraft:deepslate_diamond_ore":17,"minecraft:crafting_table":9,"minecraft:granite":27,"minecraft:short_grass":1,"minecraft:grass_block":4,"minecraft:cobblestone":3,"minecraft:copper_ore":2,"minecraft:lapis_ore":3,"minecraft:deepslate_gold_ore":7,"minecraft:diorite":21,"minecraft:deepslate_copper_ore":1,"minecraft:birch_log":16,"minecraft:iron_ore":63,"minecraft:andesite":4,"minecraft:birch_leaves":3,"minecraft:deepslate_lapis_ore":2,"minecraft:coal_ore":51,"minecraft:oak_log":19,"minecraft:deepslate_iron_ore":22,"minecraft:gravel":7,"minecraft:dirt":10,"minecraft:stone":462,"minecraft:oak_leaves":1,"minecraft:deepslate":194},"minecraft:used":{"minecraft:stone_pickaxe":555,"minecraft:shield":22,"minecraft:wooden_pickaxe":61,"minecraft:iron_sword":18,"minecraft:crafting_table":10,"minecraft:wooden_axe":35,"minecraft:iron_pickaxe":289,"minecraft:stone_axe":5,"minecraft:cobblestone":40,"minecraft:furnace":1,"minecraft:cooked_beef":8},"minecraft:picked_up":{"minecraft:birch_log":16,"minecraft:charcoal":6,"minecraft:crafting_table":10,"minecraft:cooked_beef":24,"minecraft:andesite":4,"minecraft:leather":2,"minecraft:wooden_pickaxe":1,"minecraft:birch_planks":24,"minecraft:flint":2,"minecraft:oak_log":24,"minecraft:shield":1,"minecraft:lapis_lazuli":32,"minecraft:dirt":17,"minecraft:bone":4,"minecraft:cobbled_deepslate":154,"minecraft:raw_gold":7,"minecraft:stone_pickaxe":1,"minecraft:oak_boat":1,"minecraft:iron_pickaxe":2,"minecraft:sugar_cane":4,"minecraft:birch_sapling":1,"minecraft:iron_sword":1,"minecraft:raw_iron":90,"minecraft:gravel":4,"minecraft:diorite":23,"minecraft:redstone":5,"minecraft:arrow":2,"minecraft:diamond":22,"minecraft:stone_axe":2,"minecraft:granite":30,"minecraft:coal":51,"minecraft:cobblestone":532},"minecraft:dropped":{"minecraft:iron_ingot":2,"minecraft:iron_sword":1,"minecraft:birch_planks":12,"minecraft:oak_log":3,"minecraft:cobbled_deepslate":64,"minecraft:diamond":3,"minecraft:birch_sapling":1,"minecraft:raw_iron":11,"minecraft:oak_planks":13,"minecraft:leather":2,"minecraft:granite":5,"minecraft:shield":1,"minecraft:stone_pickaxe":1,"minecraft:iron_pickaxe":2}},"DataVersion":3953}