{"stats":{"minecraft:killed":{"minecraft:skeleton":2},"minecraft:custom":{"minecraft:interact_with_furnace":9,"minecraft:mob_kills":2,"minecraft:interact_with_crafting_table":10,"minecraft:time_since_death":40839,"minecraft:time_since_rest":40839,"minecraft:sprint_one_cm":59864,"minecraft:damage_taken":522,"minecraft:walk_one_cm":82636,"minecraft:damage_blocked_by_shield":1050,"minecraft:drop":25,"minecraft:damage_dealt":349,"minecraft:fly_one_cm":40675,"minecraft:crouch_one_cm":1813,"minecraft:play_time":40839,"minecraft:sneak_time":2135,"minecraft:walk_under_water_one_cm":377,"minecraft:jump":425,"minecraft:walk_on_water_one_cm":96,"minecraft:total_world_time":40839,"minecraft:fall_one_cm":12088},"minecraft:crafted":{"minecraft:oak_planks":52,"minecraft:crafting_table":1,"minecraft:wooden_pickaxe":1,"minecraft:iron_sword":1,"minecraft:stone_axe":1,"minecraft:air":0,"minecraft:iron_chestplate":1,"minecraft:shield":1,"minecraft:stick":20,"minecraft:iron_ingot":17,"minecraft:iron_pickaxe":1,"minecraft:stone_pickaxe":3,"minecraft:wooden_axe":1,"minecraft:stone_sword":1},"minecraft:broken":{"minecraft:stone_pickaxe":2},"minecraft:mined":{"minecraft:deepslate_redstone_ore":1,"minecraft:deepslate_diamond_ore":17,"minecraft:crafting_table":6,"minecraft:granite":7,"minecraft:short_grass":1,"minecraft:grass_block":4,"minecraft:cobblestone":3,"minecraft:deepslate_gold_ore":7,"minecraft:diorite":12,"minecraft:iron_ore":15,"minecraft:andesite":3,"minecraft:deepslate_lapis_ore":1,"minecraft:coal_ore":21,"minecraft:oak_log":13,"minecraft:deepslate_iron_ore":14,"minecraft:dirt":9,"minecraft:stone":225,"minecraft:oak_leaves":1,"minecraft:deepslate":53},"minecraft:used":{"minecraft:stone_pickaxe":293,"minecraft:shield":11,"minecraft:wooden_pickaxe":33,"minecraft:iron_sword":7,"minecraft:crafting_table":6,"minecraft:wooden_axe":13,"minecraft:iron_pickaxe":61,"minecraft:stone_axe":5,"minecraft:cobblestone":32,"minecraft:cooked_beef":5},"minecraft:picked_up":{"minecraft:charcoal":6,"minecraft:crafting_table":7,"minecraft:cooked_beef":24,"minecraft:andesite":3,"minecraft:leather":2,"minecraft:wooden_pickaxe":1,"minecraft:birch_planks":24,"minecraft:oak_log":18,"minecraft:shield":1,"minecraft:lapis_lazuli":5,"minecraft:dirt":16,"minecraft:bone":3,"minecraft:cobbled_deepslate":93,"minecraft:raw_gold":7,"minecraft:stone_pickaxe":1,"minecraft:iron_pickaxe":1,"minecraft:sugar_cane":4,"minecraft:birch_sapling":1,"minecraft:raw_iron":34,"minecraft:diorite":14,"minecraft:redstone":5,"minecraft:arrow":1,"minecraft:diamond":22,"minecraft:stone_axe":2,"minecraft:granite":10,"minecraft:coal":21,"minecraft:cobblestone":294},"minecraft:dropped":{"minecraft:iron_ingot":2,"minecraft:birch_planks":12,"minecraft:oak_log":3,"minecraft:cobbled_deepslate":63,"minecraft:diamond":3,"minecraft:birch_sapling":1,"minecraft:raw_iron":11,"minecraft:oak_planks":13,"minecraft:leather":2,"minecraft:granite":5,"minecraft:shield":1,"minecraft:stone_pickaxe":1,"minecraft:iron_pickaxe":1}},"DataVersion":3953}