{"stats":{"minecraft:custom":{"minecraft:time_since_rest":10839,"minecraft:crouch_one_cm":504,"minecraft:play_time":10839,"minecraft:sprint_one_cm":4835,"minecraft:damage_taken":80,"minecraft:walk_one_cm":13513,"minecraft:sneak_time":322,"minecraft:jump":59,"minecraft:time_since_death":10839,"minecraft:total_world_time":10839,"minecraft:fall_one_cm":3036,"minecraft:interact_with_crafting_table":3,"minecraft:fly_one_cm":10106},"minecraft:crafted":{"minecraft:stone_sword":1,"minecraft:oak_planks":52,"minecraft:stone_axe":1,"minecraft:crafting_table":1,"minecraft:stick":12,"minecraft:wooden_pickaxe":1,"minecraft:stone_pickaxe":1,"minecraft:wooden_axe":1},"minecraft:mined":{"minecraft:coal_ore":13,"minecraft:oak_log":13,"minecraft:stone":114,"minecraft:andesite":3,"minecraft:diorite":1,"minecraft:oak_leaves":1,"minecraft:crafting_table":2},"minecraft:picked_up":{"minecraft:crafting_table":2,"minecraft:andesite":3,"minecraft:oak_log":13,"minecraft:diorite":1,"minecraft:coal":13,"minecraft:cobblestone":112},"minecraft:used":{"minecraft:stone_axe":1,"minecraft:wooden_axe":12,"minecraft:crafting_table":2,"minecraft:stone_pickaxe":114,"minecraft:wooden_pickaxe":17}},"DataVersion":3953}