{"stats":{"minecraft:custom":{"minecraft:time_since_rest":22839,"minecraft:sprint_one_cm":29775,"minecraft:damage_taken":80,"minecraft:walk_one_cm":33845,"minecraft:interact_with_crafting_table":4,"minecraft:fly_one_cm":25285,"minecraft:crouch_one_cm":506,"minecraft:play_time":22839,"minecraft:sneak_time":350,"minecraft:walk_under_water_one_cm":377,"minecraft:jump":175,"minecraft:time_since_death":22839,"minecraft:walk_on_water_one_cm":96,"minecraft:total_world_time":22839,"minecraft:fall_one_cm":4199},"minecraft:crafted":{"minecraft:oak_planks":52,"minecraft:crafting_table":1,"minecraft:stick":12,"minecraft:wooden_pickaxe":1,"minecraft:stone_pickaxe":2,"minecraft:wooden_axe":1,"minecraft:stone_sword":1,"minecraft:stone_axe":1},"minecraft:broken":{"minecraft:stone_pickaxe":1},"minecraft:mined":{"minecraft:iron_ore":14,"minecraft:andesite":3,"minecraft:crafting_table":3,"minecraft:granite":6,"minecraft:short_grass":1,"minecraft:oak_log":13,"minecraft:grass_block":4,"minecraft:coal_ore":21,"minecraft:dirt":9,"minecraft:stone":224,"minecraft:diorite":12,"minecraft:oak_leaves":1},"minecraft:used":{"minecraft:wooden_axe":13,"minecraft:stone_pickaxe":256,"minecraft:wooden_pickaxe":32,"minecraft:stone_axe":2,"minecraft:cobblestone":4,"minecraft:crafting_table":3},"minecraft:picked_up":{"minecraft:raw_iron":13,"minecraft:crafting_table":3,"minecraft:andesite":3,"minecraft:oak_log":13,"minecraft:diorite":12,"minecraft:dirt":13,"minecraft:granite":6,"minecraft:coal":21,"minecraft:cobblestone":247}},"DataVersion":3953}