{"stats":{"minecraft:custom":{"minecraft:time_since_rest":5409,"minecraft:sprint_one_cm":13770,"minecraft:damage_taken":30,"minecraft:walk_one_cm":8348,"minecraft:drop":4,"minecraft:interact_with_crafting_table":4,"minecraft:fly_one_cm":24740,"minecraft:open_chest":3,"minecraft:crouch_one_cm":47,"minecraft:play_time":5409,"minecraft:sneak_time":21,"minecraft:walk_under_water_one_cm":851,"minecraft:jump":108,"minecraft:time_since_death":5409,"minecraft:walk_on_water_one_cm":701,"minecraft:total_world_time":5409,"minecraft:fall_one_cm":5861},"minecraft:picked_up":{"minecraft:crafting_table":2,"minecraft:cooked_beef":14,"minecraft:oak_log":12,"minecraft:white_bed":1,"minecraft:wheat_seeds":2,"minecraft:coal":1,"minecraft:cobblestone":9},"minecraft:mined":{"minecraft:white_bed":1,"minecraft:crafting_table":2,"minecraft:short_grass":3,"minecraft:oak_log":13,"minecraft:coal_ore":1,"minecraft:tall_grass":1,"minecraft:stone":10,"minecraft:fern":1},"minecraft:used":{"minecraft:wooden_axe":9,"minecraft:bread":1,"minecraft:stone_pickaxe":5,"minecraft:wooden_pickaxe":6,"minecraft:stone_axe":1,"minecraft:cobblestone":2,"minecraft:crafting_table":2},"minecraft:crafted":{"minecraft:oak_planks":48,"minecraft:crafting_table":1,"minecraft:stick":8,"minecraft:wooden_pickaxe":1,"minecraft:stone_pickaxe":1,"minecraft:wooden_axe":1,"minecraft:stone_axe":1},"minecraft:dropped":{"minecraft:wheat_seeds":2,"minecraft:wooden_axe":1,"minecraft:wooden_pickaxe":1}},"DataVersion":3953}