{"stats":{"minecraft:custom":{"minecraft:time_since_rest":13749,"minecraft:sprint_one_cm":29084,"minecraft:damage_taken":325,"minecraft:walk_one_cm":25350,"minecraft:mob_kills":2,"minecraft:drop":4,"minecraft:damage_dealt":349,"minecraft:swim_one_cm":7731,"minecraft:interact_with_crafting_table":4,"minecraft:fly_one_cm":47258,"minecraft:open_chest":3,"minecraft:crouch_one_cm":498,"minecraft:play_time":13749,"minecraft:sneak_time":168,"minecraft:walk_under_water_one_cm":3264,"minecraft:jump":349,"minecraft:leave_game":1,"minecraft:time_since_death":13749,"minecraft:walk_on_water_one_cm":2486,"minecraft:total_world_time":13749,"minecraft:fall_one_cm":14719},"minecraft:picked_up":{"minecraft:raw_iron":4,"minecraft:crafting_table":2,"minecraft:cooked_beef":14,"minecraft:torch":5,"minecraft:gravel":1,"minecraft:oak_log":12,"minecraft:diorite":6,"minecraft:white_bed":1,"minecraft:wheat_seeds":2,"minecraft:granite":6,"minecraft:sugar_cane":2,"minecraft:coal":10,"minecraft:cobblestone":57},"minecraft:mined":{"minecraft:white_bed":1,"minecraft:iron_ore":4,"minecraft:crafting_table":2,"minecraft:torch":3,"minecraft:granite":6,"minecraft:short_grass":4,"minecraft:oak_log":13,"minecraft:coal_ore":10,"minecraft:gravel":2,"minecraft:tall_grass":1,"minecraft:stone":59,"minecraft:sugar_cane":1,"minecraft:diorite":6,"minecraft:oak_leaves":1,"minecraft:wall_torch":2,"minecraft:fern":1},"minecraft:killed":{"minecraft:zombie":1},"minecraft:used":{"minecraft:wooden_axe":9,"minecraft:bread":2,"minecraft:stone_pickaxe":92,"minecraft:wooden_pickaxe":6,"minecraft:stone_axe":4,"minecraft:torch":5,"minecraft:cobblestone":26,"minecraft:crafting_table":2,"minecraft:cooked_beef":3},"minecraft:crafted":{"minecraft:oak_planks":48,"minecraft:crafting_table":1,"minecraft:stick":12,"minecraft:wooden_pickaxe":1,"minecraft:stone_pickaxe":1,"minecraft:wooden_axe":1,"minecraft:torch":8,"minecraft:stone_axe":1},"minecraft:dropped":{"minecraft:wheat_seeds":2,"minecraft:wooden_axe":1,"minecraft:wooden_pickaxe":1}},"DataVersion":3953}