{"stats":{"minecraft:killed":{"minecraft:zombie":4,"minecraft:cow":2},"minecraft:custom":{"minecraft:interact_with_furnace":15,"minecraft:mob_kills":6,"minecraft:interact_with_crafting_table":14,"minecraft:time_since_death":18708,"minecraft:time_since_rest":18736,"minecraft:sprint_one_cm":137259,"minecraft:damage_taken":2689,"minecraft:walk_one_cm":69330,"minecraft:damage_blocked_by_shield":60,"minecraft:drop":6,"minecraft:damage_dealt":1117,"minecraft:swim_one_cm":16096,"minecraft:fly_one_cm":239503,"minecraft:open_chest":2,"minecraft:crouch_one_cm":5281,"minecraft:play_time":52663,"minecraft:deaths":6,"minecraft:sneak_time":4342,"minecraft:walk_under_water_one_cm":40129,"minecraft:boat_one_cm":170626,"minecraft:jump":1081,"minecraft:walk_on_water_one_cm":11218,"minecraft:total_world_time":52663,"minecraft:fall_one_cm":34677},"minecraft:crafted":{"minecraft:oak_planks":12,"minecraft:crafting_table":3,"minecraft:wooden_pickaxe":1,"minecraft:furnace":3,"minecraft:birch_planks":48,"minecraft:stone_axe":2,"minecraft:air":0,"minecraft:oak_boat":1,"minecraft:charcoal":7,"minecraft:shield":1,"minecraft:stick":16,"minecraft:iron_ingot":6,"minecraft:iron_pickaxe":1,"minecraft:stone_pickaxe":2,"minecraft:stone_sword":1},"minecraft:killed_by":{"minecraft:skeleton":3,"minecraft:creeper":2,"minecraft:zombie":1},"minecraft:mined":{"minecraft:tuff":1,"minecraft:mossy_cobblestone":2,"minecraft:deepslate_diamond_ore":21,"minecraft:crafting_table":4,"minecraft:torch":1,"minecraft:granite":3,"minecraft:short_grass":34,"minecraft:grass_block":7,"minecraft:cobblestone":6,"minecraft:tall_grass":4,"minecraft:sugar_cane":4,"minecraft:diorite":8,"minecraft:spawner":1,"minecraft:furnace":3,"minecraft:birch_log":12,"minecraft:cobbled_deepslate":4,"minecraft:birch_leaves":1,"minecraft:oak_log":12,"minecraft:deepslate_iron_ore":11,"minecraft:dirt":17,"minecraft:stone":88,"minecraft:oak_leaves":1,"minecraft:deepslate":80},"minecraft:used":{"minecraft:diorite":6,"minecraft:stone_sword":5,"minecraft:stone_pickaxe":125,"minecraft:wooden_pickaxe":18,"minecraft:shield":1,"minecraft:torch":2,"minecraft:dirt":33,"minecraft:crafting_table":6,"minecraft:tuff":1,"minecraft:granite":5,"minecraft:iron_pickaxe":105,"minecraft:stone_axe":21,"minecraft:cobblestone":6,"minecraft:beef":5,"minecraft:oak_sapling":1,"minecraft:furnace":5,"minecraft:oak_boat":1,"minecraft:cooked_beef":10,"minecraft:cobbled_deepslate":58},"minecraft:picked_up":{"minecraft:birch_log":12,"minecraft:crafting_table":7,"minecraft:cooked_beef":89,"minecraft:leather":8,"minecraft:birch_planks":44,"minecraft:tuff":1,"minecraft:oak_log":21,"minecraft:shield":4,"minecraft:dirt":85,"minecraft:bone":20,"minecraft:wheat_seeds":8,"minecraft:cobbled_deepslate":273,"minecraft:beef":5,"minecraft:iron_ingot":12,"minecraft:stone_pickaxe":9,"minecraft:oak_boat":1,"minecraft:iron_pickaxe":4,"minecraft:sugar_cane":4,"minecraft:birch_sapling":4,"minecraft:oak_planks":77,"minecraft:furnace":3,"minecraft:stick":6,"minecraft:raw_iron":44,"minecraft:torch":2,"minecraft:diorite":8,"minecraft:mossy_cobblestone":2,"minecraft:rotten_flesh":7,"minecraft:diamond":67,"minecraft:granite":13,"minecraft:oak_sapling":1,"minecraft:cobblestone":73},"minecraft:dropped":{"minecraft:wheat_seeds":4,"minecraft:birch_sapling":1,"minecraft:cobblestone":2,"minecraft:rotten_flesh":7,"minecraft:leather":2}},"DataVersion":3953}