{"stats":{"minecraft:killed":{"minecraft:zombie":4,"minecraft:cow":2},"minecraft:custom":{"minecraft:interact_with_furnace":15,"minecraft:mob_kills":6,"minecraft:interact_with_crafting_table":15,"minecraft:time_since_death":30708,"minecraft:time_since_rest":30736,"minecraft:sprint_one_cm":140002,"minecraft:damage_taken":2709,"minecraft:walk_one_cm":89297,"minecraft:damage_blocked_by_shield":60,"minecraft:drop":6,"minecraft:damage_dealt":1117,"minecraft:swim_one_cm":16096,"minecraft:fly_one_cm":244427,"minecraft:open_chest":2,"minecraft:crouch_one_cm":7880,"minecraft:play_time":64663,"minecraft:deaths":6,"minecraft:sneak_time":5304,"minecraft:walk_under_water_one_cm":40129,"minecraft:boat_one_cm":170626,"minecraft:jump":1140,"minecraft:walk_on_water_one_cm":11218,"minecraft:total_world_time":64663,"minecraft:fall_one_cm":36057},"minecraft:crafted":{"minecraft:oak_planks":12,"minecraft:crafting_table":3,"minecraft:wooden_pickaxe":1,"minecraft:furnace":3,"minecraft:birch_planks":48,"minecraft:stone_axe":2,"minecraft:air":0,"minecraft:oak_boat":1,"minecraft:diamond_leggings":1,"minecraft:charcoal":7,"minecraft:shield":1,"minecraft:stick":16,"minecraft:iron_ingot":6,"minecraft:iron_pickaxe":1,"minecraft:stone_pickaxe":2,"minecraft:stone_sword":1,"minecraft:diamond_boots":1,"minecraft:diamond_chestplate":1},"minecraft:killed_by":{"minecraft:skeleton":3,"minecraft:creeper":2,"minecraft:zombie":1},"minecraft:mined":{"minecraft:diamond_ore":3,"minecraft:tuff":1,"minecraft:mossy_cobblestone":2,"minecraft:deepslate_diamond_ore":21,"minecraft:crafting_table":5,"minecraft:torch":1,"minecraft:granite":3,"minecraft:short_grass":34,"minecraft:grass_block":7,"minecraft:cobblestone":6,"minecraft:tall_grass":4,"minecraft:lapis_ore":2,"minecraft:sugar_cane":4,"minecraft:diorite":34,"minecraft:spawner":1,"minecraft:furnace":3,"minecraft:birch_log":12,"minecraft:iron_ore":8,"minecraft:cobbled_deepslate":4,"minecraft:andesite":9,"minecraft:birch_leaves":1,"minecraft:coal_ore":17,"minecraft:oak_log":12,"minecraft:deepslate_iron_ore":11,"minecraft:gravel":3,"minecraft:dirt":17,"minecraft:stone":187,"minecraft:oak_leaves":1,"minecraft:deepslate":83},"minecraft:used":{"minecraft:diorite":6,"minecraft:stone_sword":5,"minecraft:stone_pickaxe":192,"minecraft:wooden_pickaxe":18,"minecraft:shield":1,"minecraft:torch":2,"minecraft:dirt":48,"minecraft:crafting_table":6,"minecraft:tuff":1,"minecraft:granite":5,"minecraft:iron_pickaxe":208,"minecraft:stone_axe":21,"minecraft:cobblestone":6,"minecraft:beef":5,"minecraft:oak_sapling":1,"minecraft:furnace":5,"minecraft:oak_boat":2,"minecraft:cooked_beef":12,"minecraft:cobbled_deepslate":58},"minecraft:picked_up":{"minecraft:birch_log":12,"minecraft:crafting_table":8,"minecraft:cooked_beef":89,"minecraft:andesite":9,"minecraft:leather":8,"minecraft:birch_planks":44,"minecraft:tuff":1,"minecraft:oak_log":21,"minecraft:shield":4,"minecraft:lapis_lazuli":14,"minecraft:dirt":88,"minecraft:bone":20,"minecraft:wheat_seeds":8,"minecraft:cobbled_deepslate":276,"minecraft:beef":5,"minecraft:iron_ingot":12,"minecraft:stone_pickaxe":9,"minecraft:oak_boat":1,"minecraft:iron_pickaxe":4,"minecraft:sugar_cane":4,"minecraft:birch_sapling":4,"minecraft:oak_planks":77,"minecraft:furnace":3,"minecraft:stick":6,"minecraft:raw_iron":52,"minecraft:torch":2,"minecraft:gravel":3,"minecraft:diorite":34,"minecraft:mossy_cobblestone":2,"minecraft:rotten_flesh":7,"minecraft:diamond":69,"minecraft:granite":13,"minecraft:oak_sapling":1,"minecraft:coal":17,"minecraft:cobblestone":173},"minecraft:dropped":{"minecraft:wheat_seeds":4,"minecraft:birch_sapling":1,"minecraft:cobblestone":2,"minecraft:rotten_flesh":7,"minecraft:leather":2}},"DataVersion":3953}