{"stats":{"minecraft:killed":{"minecraft:horse":1,"minecraft:skeleton":1,"minecraft:zombie":4,"minecraft:cow":2},"minecraft:custom":{"minecraft:interact_with_furnace":19,"minecraft:mob_kills":8,"minecraft:interact_with_crafting_table":23,"minecraft:time_since_death":66708,"minecraft:climb_one_cm":95,"minecraft:time_since_rest":66736,"minecraft:sprint_one_cm":157670,"minecraft:damage_taken":2761,"minecraft:walk_one_cm":136882,"minecraft:damage_blocked_by_shield":60,"minecraft:drop":22,"minecraft:damage_dealt":1329,"minecraft:swim_one_cm":21314,"minecraft:fly_one_cm":268434,"minecraft:open_chest":13,"minecraft:crouch_one_cm":22304,"minecraft:play_time":100663,"minecraft:deaths":6,"minecraft:sneak_time":9829,"minecraft:walk_under_water_one_cm":40734,"minecraft:boat_one_cm":347500,"minecraft:jump":1385,"minecraft:walk_on_water_one_cm":12689,"minecraft:total_world_time":100663,"minecraft:fall_one_cm":38548},"minecraft:crafted":{"minecraft:oak_planks":12,"minecraft:diamond_sword":1,"minecraft:crafting_table":4,"minecraft:birch_boat":1,"minecraft:wooden_pickaxe":1,"minecraft:furnace":4,"minecraft:birch_planks":48,"minecraft:stone_axe":2,"minecraft:air":0,"minecraft:oak_boat":1,"minecraft:diamond_helmet":1,"minecraft:diamond_pickaxe":1,"minecraft:diamond_leggings":1,"minecraft:charcoal":7,"minecraft:shield":1,"minecraft:stick":20,"minecraft:iron_ingot":12,"minecraft:iron_pickaxe":2,"minecraft:stone_pickaxe":2,"minecraft:stone_sword":1,"minecraft:diamond_boots":1,"minecraft:diamond_chestplate":1},"minecraft:killed_by":{"minecraft:skeleton":3,"minecraft:creeper":2,"minecraft:zombie":1},"minecraft:broken":{"minecraft:iron_pickaxe":1},"minecraft:mined":{"minecraft:diamond_ore":3,"minecraft:tuff":20,"minecraft:white_bed":1,"minecraft:glass_pane":2,"minecraft:mossy_cobblestone":2,"minecraft:deepslate_diamond_ore":102,"minecraft:crafting_table":8,"minecraft:torch":1,"minecraft:granite":5,"minecraft:short_grass":34,"minecraft:grass_block":7,"minecraft:chest":9,"minecraft:cobblestone":6,"minecraft:tall_grass":4,"minecraft:lapis_ore":2,"minecraft:hopper":4,"minecraft:sugar_cane":4,"minecraft:diorite":38,"minecraft:spawner":1,"minecraft:furnace":5,"minecraft:birch_log":12,"minecraft:iron_ore":16,"minecraft:cobbled_deepslate":4,"minecraft:andesite":9,"minecraft:birch_leaves":1,"minecraft:coal_ore":17,"minecraft:oak_log":12,"minecraft:deepslate_iron_ore":15,"minecraft:gravel":5,"minecraft:dirt":17,"minecraft:stone":237,"minecraft:netherrack":12,"minecraft:oak_leaves":1,"minecraft:deepslate":447},"minecraft:used":{"minecraft:diorite":6,"minecraft:stone_sword":5,"minecraft:stone_pickaxe":192,"minecraft:birch_boat":1,"minecraft:wooden_pickaxe":18,"minecraft:shield":1,"minecraft:diamond_axe":11,"minecraft:torch":2,"minecraft:dirt":53,"minecraft:crafting_table":10,"minecraft:tuff":20,"minecraft:granite":5,"minecraft:diamond_pickaxe":391,"minecraft:iron_pickaxe":378,"minecraft:diamond_sword":1,"minecraft:stone_axe":21,"minecraft:cobblestone":6,"minecraft:beef":5,"minecraft:oak_sapling":1,"minecraft:furnace":6,"minecraft:oak_boat":2,"minecraft:cooked_beef":12,"minecraft:cobbled_deepslate":148},"minecraft:picked_up":{"minecraft:birch_log":12,"minecraft:crafting_table":10,"minecraft:cooked_beef":89,"minecraft:andesite":9,"minecraft:leather":8,"minecraft:birch_planks":48,"minecraft:tuff":20,"minecraft:oak_log":21,"minecraft:shield":6,"minecraft:gunpowder":3,"minecraft:lapis_lazuli":53,"minecraft:dirt":89,"minecraft:bone":23,"minecraft:wheat_seeds":8,"minecraft:cobbled_deepslate":638,"minecraft:beef":5,"minecraft:iron_ingot":49,"minecraft:stone_pickaxe":9,"minecraft:oak_boat":1,"minecraft:cobblestone_slab":58,"minecraft:iron_pickaxe":4,"minecraft:sugar_cane":4,"minecraft:chest":1,"minecraft:birch_sapling":4,"minecraft:oak_planks":98,"minecraft:furnace":5,"minecraft:stick":6,"minecraft:raw_iron":77,"minecraft:oak_fence":3,"minecraft:torch":2,"minecraft:gravel":4,"minecraft:diorite":39,"minecraft:white_bed":1,"minecraft:trident":3,"minecraft:mossy_cobblestone":2,"minecraft:diamond_chestplate":3,"minecraft:diamond_shovel":1,"minecraft:arrow":7,"minecraft:rotten_flesh":7,"minecraft:diamond":176,"minecraft:diamond_axe":2,"minecraft:granite":15,"minecraft:oak_sapling":1,"minecraft:blaze_rod":8,"minecraft:netherrack":12,"minecraft:coal":33,"minecraft:cobblestone":223},"minecraft:dropped":{"minecraft:wheat_seeds":4,"minecraft:diamond_axe":1,"minecraft:blaze_rod":8,"minecraft:cobbled_deepslate":10,"minecraft:birch_sapling":1,"minecraft:cobblestone":16,"minecraft:rotten_flesh":7,"minecraft:diamond_shovel":1,"minecraft:leather":2,"minecraft:white_bed":1,"minecraft:stick":2,"minecraft:shield":2,"minecraft:trident":3,"minecraft:diamond_chestplate":3,"minecraft:chest":1}},"DataVersion":3953}