{"stats":{"minecraft:killed":{"minecraft:zombie":2,"minecraft:cow":2},"minecraft:custom":{"minecraft:time_since_rest":2340,"minecraft:interact_with_furnace":13,"minecraft:sprint_one_cm":80392,"minecraft:damage_taken":1845,"minecraft:walk_one_cm":38102,"minecraft:damage_blocked_by_shield":60,"minecraft:mob_kills":4,"minecraft:drop":1,"minecraft:damage_dealt":833,"minecraft:interact_with_crafting_table":10,"minecraft:fly_one_cm":134642,"minecraft:crouch_one_cm":4020,"minecraft:play_time":28663,"minecraft:deaths":4,"minecraft:sneak_time":3157,"minecraft:walk_under_water_one_cm":11681,"minecraft:jump":601,"minecraft:time_since_death":2263,"minecraft:walk_on_water_one_cm":5670,"minecraft:total_world_time":28663,"minecraft:fall_one_cm":17502},"minecraft:crafted":{"minecraft:charcoal":7,"minecraft:shield":1,"minecraft:crafting_table":2,"minecraft:stick":12,"minecraft:iron_pickaxe":1,"minecraft:iron_ingot":6,"minecraft:wooden_pickaxe":1,"minecraft:stone_pickaxe":2,"minecraft:furnace":2,"minecraft:birch_planks":48,"minecraft:stone_axe":2,"minecraft:air":0},"minecraft:killed_by":{"minecraft:skeleton":3,"minecraft:creeper":1},"minecraft:mined":{"minecraft:furnace":2,"minecraft:deepslate_diamond_ore":7,"minecraft:birch_log":12,"minecraft:cobbled_deepslate":1,"minecraft:birch_leaves":1,"minecraft:crafting_table":4,"minecraft:granite":3,"minecraft:short_grass":29,"minecraft:deepslate_iron_ore":3,"minecraft:grass_block":7,"minecraft:oak_log":12,"minecraft:dirt":17,"minecraft:tall_grass":3,"minecraft:stone":88,"minecraft:sugar_cane":4,"minecraft:diorite":8,"minecraft:oak_leaves":1,"minecraft:deepslate":59},"minecraft:used":{"minecraft:diorite":6,"minecraft:stone_pickaxe":125,"minecraft:iron_pickaxe":46,"minecraft:shield":1,"minecraft:wooden_pickaxe":18,"minecraft:stone_axe":21,"minecraft:dirt":33,"minecraft:beef":5,"minecraft:crafting_table":4,"minecraft:furnace":4,"minecraft:cobbled_deepslate":28,"minecraft:granite":5,"minecraft:cooked_beef":5},"minecraft:picked_up":{"minecraft:birch_log":12,"minecraft:raw_iron":15,"minecraft:crafting_table":5,"minecraft:cooked_beef":59,"minecraft:leather":8,"minecraft:torch":1,"minecraft:birch_planks":28,"minecraft:oak_log":21,"minecraft:diorite":8,"minecraft:shield":3,"minecraft:dirt":64,"minecraft:bone":12,"minecraft:diamond":17,"minecraft:wheat_seeds":6,"minecraft:cobbled_deepslate":247,"minecraft:stone_pickaxe":6,"minecraft:iron_ingot":8,"minecraft:beef":5,"minecraft:granite":13,"minecraft:iron_pickaxe":3,"minecraft:oak_planks":26,"minecraft:sugar_cane":4,"minecraft:birch_sapling":4,"minecraft:cobblestone":65,"minecraft:furnace":2},"minecraft:dropped":{"minecraft:wheat_seeds":1}},"DataVersion":3953}