{"stats":{"minecraft:killed":{"minecraft:cow":2},"minecraft:custom":{"minecraft:time_since_rest":10663,"minecraft:sprint_one_cm":24216,"minecraft:damage_taken":150,"minecraft:walk_one_cm":12554,"minecraft:mob_kills":2,"minecraft:damage_dealt":230,"minecraft:interact_with_crafting_table":5,"minecraft:fly_one_cm":39386,"minecraft:play_time":10663,"minecraft:sneak_time":102,"minecraft:jump":186,"minecraft:time_since_death":10663,"minecraft:walk_on_water_one_cm":205,"minecraft:total_world_time":10663,"minecraft:fall_one_cm":4023},"minecraft:crafted":{"minecraft:crafting_table":1,"minecraft:stick":12,"minecraft:wooden_pickaxe":1,"minecraft:stone_pickaxe":2,"minecraft:birch_planks":48,"minecraft:stone_axe":2},"minecraft:mined":{"minecraft:birch_log":12,"minecraft:birch_leaves":1,"minecraft:crafting_table":2,"minecraft:granite":3,"minecraft:short_grass":19,"minecraft:grass_block":5,"minecraft:oak_log":12,"minecraft:dirt":3,"minecraft:stone":88,"minecraft:sugar_cane":4,"minecraft:diorite":6,"minecraft:oak_leaves":1,"minecraft:deepslate":10},"minecraft:used":{"minecraft:stone_pickaxe":89,"minecraft:wooden_pickaxe":18,"minecraft:stone_axe":19,"minecraft:dirt":5,"minecraft:beef":5,"minecraft:crafting_table":2},"minecraft:picked_up":{"minecraft:birch_log":12,"minecraft:raw_iron":1,"minecraft:crafting_table":2,"minecraft:leather":2,"minecraft:oak_log":12,"minecraft:diorite":6,"minecraft:dirt":8,"minecraft:wheat_seeds":1,"minecraft:cobbled_deepslate":10,"minecraft:beef":5,"minecraft:granite":3,"minecraft:sugar_cane":4,"minecraft:birch_sapling":1,"minecraft:cobblestone":63}},"DataVersion":3953}